record_id,control_name,is_anomaly,anomaly_type,severity,explanation
DRF00878,Control-78,False,NORMAL_CHANGE,NONE,Authorized change within baseline parameters
DRF00801,Control-68,True,ENCRYPTION_DOWNGRADE,CRITICAL,Security-critical config drift: Encryption Downgrade
DRF00918,Control-94,True,COMPLIANCE_VIOLATION,HIGH,Security-critical config drift: Compliance Violation
DRF00660,Control-63,True,LOGGING_DISABLED,CRITICAL,Security-critical config drift: Logging Disabled
DRF00628,Control-40,True,EMERGENCY_CHANGE_NOT_REVERTED,MEDIUM,Policy violation: Emergency Change Not Reverted
DRF00574,Control-44,True,UNAPPROVED_CHANGE,MEDIUM,Policy violation: Unapproved Change
DRF00550,Control-66,True,UNAPPROVED_CHANGE,MEDIUM,Policy violation: Unapproved Change
DRF00572,Control-21,True,EMERGENCY_CHANGE_NOT_REVERTED,MEDIUM,Policy violation: Emergency Change Not Reverted
DRF00684,Control-82,True,COMPLIANCE_VIOLATION,HIGH,Security-critical config drift: Compliance Violation
DRF00949,Control-78,True,ENCRYPTION_DOWNGRADE,CRITICAL,Security-critical config drift: Encryption Downgrade
DRF00635,Control-67,True,COMPLIANCE_VIOLATION,HIGH,Security-critical config drift: Compliance Violation
DRF00847,Control-9,False,NORMAL_CHANGE,NONE,Authorized change within baseline parameters
DRF00581,Control-1,True,COMPLIANCE_VIOLATION,HIGH,Security-critical config drift: Compliance Violation
DRF00560,Control-48,True,ACCESS_BROADENED,HIGH,Security-critical config drift: Access Broadened
DRF00638,Control-55,False,NORMAL_CHANGE,NONE,Authorized change within baseline parameters
DRF00895,Control-65,False,NORMAL_CHANGE,NONE,Authorized change within baseline parameters
DRF00659,Control-99,False,NORMAL_CHANGE,NONE,Authorized change within baseline parameters
DRF00561,Control-55,False,NORMAL_CHANGE,NONE,Authorized change within baseline parameters
DRF00718,Control-48,False,NORMAL_CHANGE,NONE,Authorized change within baseline parameters
DRF00741,Control-62,False,NORMAL_CHANGE,NONE,Authorized change within baseline parameters
DRF00837,Control-32,True,COMPLIANCE_VIOLATION,HIGH,Security-critical config drift: Compliance Violation
DRF00715,Control-33,True,ENCRYPTION_DOWNGRADE,CRITICAL,Security-critical config drift: Encryption Downgrade
DRF00709,Control-35,True,EMERGENCY_CHANGE_NOT_REVERTED,MEDIUM,Policy violation: Emergency Change Not Reverted
DRF00809,Control-87,True,UNAPPROVED_CHANGE,MEDIUM,Policy violation: Unapproved Change
DRF00633,Control-67,False,NORMAL_CHANGE,NONE,Authorized change within baseline parameters
DRF00661,Control-63,True,COMPLIANCE_VIOLATION,HIGH,Security-critical config drift: Compliance Violation
DRF00816,Control-95,True,LOGGING_DISABLED,CRITICAL,Security-critical config drift: Logging Disabled
DRF00727,Control-20,True,LOGGING_DISABLED,CRITICAL,Security-critical config drift: Logging Disabled
DRF00534,Control-60,False,NORMAL_CHANGE,NONE,Authorized change within baseline parameters
DRF00699,Control-98,False,NORMAL_CHANGE,NONE,Authorized change within baseline parameters
DRF00605,Control-99,False,NORMAL_CHANGE,NONE,Authorized change within baseline parameters
DRF00806,Control-60,False,NORMAL_CHANGE,NONE,Authorized change within baseline parameters
DRF00898,Control-48,True,ACCESS_BROADENED,HIGH,Security-critical config drift: Access Broadened
DRF00924,Control-61,True,LOGGING_DISABLED,CRITICAL,Security-critical config drift: Logging Disabled
DRF00862,Control-75,False,NORMAL_CHANGE,NONE,Authorized change within baseline parameters
DRF00698,Control-64,False,NORMAL_CHANGE,NONE,Authorized change within baseline parameters
DRF00555,Control-25,False,NORMAL_CHANGE,NONE,Authorized change within baseline parameters
DRF00587,Control-21,False,NORMAL_CHANGE,NONE,Authorized change within baseline parameters
DRF00848,Control-6,True,EMERGENCY_CHANGE_NOT_REVERTED,MEDIUM,Policy violation: Emergency Change Not Reverted
DRF00675,Control-4,True,ENCRYPTION_DOWNGRADE,CRITICAL,Security-critical config drift: Encryption Downgrade
DRF00773,Control-70,True,COMPLIANCE_VIOLATION,HIGH,Security-critical config drift: Compliance Violation
DRF00645,Control-8,True,EMERGENCY_CHANGE_NOT_REVERTED,MEDIUM,Policy violation: Emergency Change Not Reverted
DRF00513,Control-21,True,EMERGENCY_CHANGE_NOT_REVERTED,MEDIUM,Policy violation: Emergency Change Not Reverted
DRF00526,Control-45,True,ACCESS_BROADENED,HIGH,Security-critical config drift: Access Broadened
DRF00728,Control-81,False,NORMAL_CHANGE,NONE,Authorized change within baseline parameters
DRF00789,Control-95,False,NORMAL_CHANGE,NONE,Authorized change within baseline parameters
DRF00763,Control-93,False,NORMAL_CHANGE,NONE,Authorized change within baseline parameters
DRF00948,Control-56,False,NORMAL_CHANGE,NONE,Authorized change within baseline parameters
DRF00761,Control-1,True,EMERGENCY_CHANGE_NOT_REVERTED,MEDIUM,Policy violation: Emergency Change Not Reverted
DRF00721,Control-42,False,NORMAL_CHANGE,NONE,Authorized change within baseline parameters
DRF00977,Control-71,True,ENCRYPTION_DOWNGRADE,CRITICAL,Security-critical config drift: Encryption Downgrade
DRF00632,Control-89,True,ENCRYPTION_DOWNGRADE,CRITICAL,Security-critical config drift: Encryption Downgrade
DRF00600,Control-89,False,NORMAL_CHANGE,NONE,Authorized change within baseline parameters
DRF00881,Control-77,False,NORMAL_CHANGE,NONE,Authorized change within baseline parameters
DRF00689,Control-85,True,LOGGING_DISABLED,CRITICAL,Security-critical config drift: Logging Disabled
DRF00649,Control-35,False,NORMAL_CHANGE,NONE,Authorized change within baseline parameters
DRF00662,Control-35,False,NORMAL_CHANGE,NONE,Authorized change within baseline parameters
DRF00855,Control-32,True,ENCRYPTION_DOWNGRADE,CRITICAL,Security-critical config drift: Encryption Downgrade
DRF00759,Control-44,True,COMPLIANCE_VIOLATION,HIGH,Security-critical config drift: Compliance Violation
DRF00879,Control-39,True,EMERGENCY_CHANGE_NOT_REVERTED,MEDIUM,Policy violation: Emergency Change Not Reverted
DRF00614,Control-56,True,EMERGENCY_CHANGE_NOT_REVERTED,MEDIUM,Policy violation: Emergency Change Not Reverted
DRF00615,Control-70,True,HIGH_SEVERITY_DRIFT,HIGH,High severity control drifted from baseline
DRF00586,Control-53,True,UNAPPROVED_CHANGE,MEDIUM,Policy violation: Unapproved Change
DRF00788,Control-84,True,ACCESS_BROADENED,HIGH,Security-critical config drift: Access Broadened
DRF00760,Control-4,True,ENCRYPTION_DOWNGRADE,CRITICAL,Security-critical config drift: Encryption Downgrade
DRF00640,Control-13,True,LOGGING_DISABLED,CRITICAL,Security-critical config drift: Logging Disabled
DRF00694,Control-67,False,NORMAL_CHANGE,NONE,Authorized change within baseline parameters
DRF00891,Control-53,True,EMERGENCY_CHANGE_NOT_REVERTED,MEDIUM,Policy violation: Emergency Change Not Reverted
DRF00971,Control-16,True,ENCRYPTION_DOWNGRADE,CRITICAL,Security-critical config drift: Encryption Downgrade
DRF00960,Control-50,True,ENCRYPTION_DOWNGRADE,CRITICAL,Security-critical config drift: Encryption Downgrade
DRF00663,Control-30,False,NORMAL_CHANGE,NONE,Authorized change within baseline parameters
DRF00573,Control-65,False,NORMAL_CHANGE,NONE,Authorized change within baseline parameters
DRF00822,Control-84,True,EMERGENCY_CHANGE_NOT_REVERTED,MEDIUM,Policy violation: Emergency Change Not Reverted
DRF00729,Control-23,True,UNAPPROVED_CHANGE,MEDIUM,Policy violation: Unapproved Change
DRF00946,Control-57,False,NORMAL_CHANGE,NONE,Authorized change within baseline parameters
DRF00749,Control-39,False,NORMAL_CHANGE,NONE,Authorized change within baseline parameters
DRF00853,Control-78,True,LOGGING_DISABLED,CRITICAL,Security-critical config drift: Logging Disabled
DRF00838,Control-51,True,ENCRYPTION_DOWNGRADE,CRITICAL,Security-critical config drift: Encryption Downgrade
DRF00543,Control-56,True,ENCRYPTION_DOWNGRADE,CRITICAL,Security-critical config drift: Encryption Downgrade
DRF00778,Control-93,True,ENCRYPTION_DOWNGRADE,CRITICAL,Security-critical config drift: Encryption Downgrade
DRF00720,Control-62,True,UNAPPROVED_CHANGE,MEDIUM,Policy violation: Unapproved Change
DRF00913,Control-65,True,EMERGENCY_CHANGE_NOT_REVERTED,MEDIUM,Policy violation: Emergency Change Not Reverted
DRF00834,Control-2,True,ENCRYPTION_DOWNGRADE,CRITICAL,Security-critical config drift: Encryption Downgrade
DRF00963,Control-62,True,EMERGENCY_CHANGE_NOT_REVERTED,MEDIUM,Policy violation: Emergency Change Not Reverted
DRF00716,Control-79,True,LOGGING_DISABLED,CRITICAL,Security-critical config drift: Logging Disabled
DRF00902,Control-71,True,EMERGENCY_CHANGE_NOT_REVERTED,MEDIUM,Policy violation: Emergency Change Not Reverted
DRF00620,Control-47,True,ENCRYPTION_DOWNGRADE,CRITICAL,Security-critical config drift: Encryption Downgrade
DRF00747,Control-70,True,COMPLIANCE_VIOLATION,HIGH,Security-critical config drift: Compliance Violation
DRF00784,Control-82,True,COMPLIANCE_VIOLATION,HIGH,Security-critical config drift: Compliance Violation
DRF00713,Control-26,True,ENCRYPTION_DOWNGRADE,CRITICAL,Security-critical config drift: Encryption Downgrade
DRF00692,Control-48,False,NORMAL_CHANGE,NONE,Authorized change within baseline parameters
DRF00939,Control-92,False,NORMAL_CHANGE,NONE,Authorized change within baseline parameters
DRF00870,Control-87,False,NORMAL_CHANGE,NONE,Authorized change within baseline parameters
DRF00927,Control-62,True,LOGGING_DISABLED,CRITICAL,Security-critical config drift: Logging Disabled
DRF00805,Control-36,True,LOGGING_DISABLED,CRITICAL,Security-critical config drift: Logging Disabled
DRF00935,Control-38,False,NORMAL_CHANGE,NONE,Authorized change within baseline parameters
DRF00790,Control-35,True,COMPLIANCE_VIOLATION,HIGH,Security-critical config drift: Compliance Violation
DRF00958,Control-72,True,UNAPPROVED_CHANGE,MEDIUM,Policy violation: Unapproved Change
DRF00642,Control-72,True,ACCESS_BROADENED,HIGH,Security-critical config drift: Access Broadened
DRF00676,Control-57,False,NORMAL_CHANGE,NONE,Authorized change within baseline parameters
DRF00643,Control-89,True,ACCESS_BROADENED,HIGH,Security-critical config drift: Access Broadened
DRF00685,Control-89,True,EMERGENCY_CHANGE_NOT_REVERTED,MEDIUM,Policy violation: Emergency Change Not Reverted
DRF00703,Control-1,True,ENCRYPTION_DOWNGRADE,CRITICAL,Security-critical config drift: Encryption Downgrade
DRF00820,Control-54,False,NORMAL_CHANGE,NONE,Authorized change within baseline parameters
DRF00969,Control-59,True,ENCRYPTION_DOWNGRADE,CRITICAL,Security-critical config drift: Encryption Downgrade
DRF00823,Control-43,False,NORMAL_CHANGE,NONE,Authorized change within baseline parameters
DRF00681,Control-97,True,EMERGENCY_CHANGE_NOT_REVERTED,MEDIUM,Policy violation: Emergency Change Not Reverted
DRF00722,Control-51,True,ACCESS_BROADENED,HIGH,Security-critical config drift: Access Broadened
DRF00854,Control-90,True,ACCESS_BROADENED,HIGH,Security-critical config drift: Access Broadened
DRF00830,Control-5,True,ENCRYPTION_DOWNGRADE,CRITICAL,Security-critical config drift: Encryption Downgrade
DRF00764,Control-16,True,LOGGING_DISABLED,CRITICAL,Security-critical config drift: Logging Disabled
DRF00514,Control-28,False,NORMAL_CHANGE,NONE,Authorized change within baseline parameters
DRF00566,Control-13,True,LOGGING_DISABLED,CRITICAL,Security-critical config drift: Logging Disabled
DRF00708,Control-57,True,EMERGENCY_CHANGE_NOT_REVERTED,MEDIUM,Policy violation: Emergency Change Not Reverted
DRF00677,Control-85,False,NORMAL_CHANGE,NONE,Authorized change within baseline parameters
DRF00931,Control-69,True,ENCRYPTION_DOWNGRADE,CRITICAL,Security-critical config drift: Encryption Downgrade
DRF00511,Control-23,False,NORMAL_CHANGE,NONE,Authorized change within baseline parameters
DRF00655,Control-26,False,NORMAL_CHANGE,NONE,Authorized change within baseline parameters
DRF00917,Control-47,True,UNAPPROVED_CHANGE,MEDIUM,Policy violation: Unapproved Change
DRF00505,Control-58,False,NORMAL_CHANGE,NONE,Authorized change within baseline parameters
DRF00697,Control-78,True,EMERGENCY_CHANGE_NOT_REVERTED,MEDIUM,Policy violation: Emergency Change Not Reverted
DRF00723,Control-80,True,UNAPPROVED_CHANGE,MEDIUM,Policy violation: Unapproved Change
DRF00733,Control-90,False,NORMAL_CHANGE,NONE,Authorized change within baseline parameters
DRF00707,Control-13,False,NORMAL_CHANGE,NONE,Authorized change within baseline parameters
DRF00993,Control-42,True,ACCESS_BROADENED,HIGH,Security-critical config drift: Access Broadened
DRF00814,Control-54,True,EMERGENCY_CHANGE_NOT_REVERTED,MEDIUM,Policy violation: Emergency Change Not Reverted
DRF00646,Control-80,False,NORMAL_CHANGE,NONE,Authorized change within baseline parameters
DRF00683,Control-25,False,NORMAL_CHANGE,NONE,Authorized change within baseline parameters
DRF00617,Control-53,True,EMERGENCY_CHANGE_NOT_REVERTED,MEDIUM,Policy violation: Emergency Change Not Reverted
DRF00567,Control-30,True,ENCRYPTION_DOWNGRADE,CRITICAL,Security-critical config drift: Encryption Downgrade
DRF00859,Control-20,False,NORMAL_CHANGE,NONE,Authorized change within baseline parameters
DRF00690,Control-2,True,COMPLIANCE_VIOLATION,HIGH,Security-critical config drift: Compliance Violation
DRF00619,Control-42,True,LOGGING_DISABLED,CRITICAL,Security-critical config drift: Logging Disabled
DRF00531,Control-43,True,LOGGING_DISABLED,CRITICAL,Security-critical config drift: Logging Disabled
DRF00850,Control-24,True,ENCRYPTION_DOWNGRADE,CRITICAL,Security-critical config drift: Encryption Downgrade
DRF00518,Control-95,False,NORMAL_CHANGE,NONE,Authorized change within baseline parameters
DRF00880,Control-68,True,EMERGENCY_CHANGE_NOT_REVERTED,MEDIUM,Policy violation: Emergency Change Not Reverted
DRF00568,Control-38,True,ACCESS_BROADENED,HIGH,Security-critical config drift: Access Broadened
DRF00687,Control-12,True,ACCESS_BROADENED,HIGH,Security-critical config drift: Access Broadened
DRF00545,Control-37,False,NORMAL_CHANGE,NONE,Authorized change within baseline parameters
DRF00626,Control-97,True,LOGGING_DISABLED,CRITICAL,Security-critical config drift: Logging Disabled
DRF00979,Control-3,False,NORMAL_CHANGE,NONE,Authorized change within baseline parameters
DRF00904,Control-39,True,LOGGING_DISABLED,CRITICAL,Security-critical config drift: Logging Disabled
DRF00980,Control-64,False,NORMAL_CHANGE,NONE,Authorized change within baseline parameters
DRF00783,Control-40,True,COMPLIANCE_VIOLATION,HIGH,Security-critical config drift: Compliance Violation
DRF00951,Control-61,True,ENCRYPTION_DOWNGRADE,CRITICAL,Security-critical config drift: Encryption Downgrade
DRF00865,Control-80,True,EMERGENCY_CHANGE_NOT_REVERTED,MEDIUM,Policy violation: Emergency Change Not Reverted
DRF00706,Control-11,True,ACCESS_BROADENED,HIGH,Security-critical config drift: Access Broadened
DRF00930,Control-67,True,HIGH_SEVERITY_DRIFT,HIGH,High severity control drifted from baseline
DRF00582,Control-68,True,ACCESS_BROADENED,HIGH,Security-critical config drift: Access Broadened
DRF00885,Control-16,False,NORMAL_CHANGE,NONE,Authorized change within baseline parameters
DRF00842,Control-82,True,ENCRYPTION_DOWNGRADE,CRITICAL,Security-critical config drift: Encryption Downgrade
DRF00651,Control-13,False,NORMAL_CHANGE,NONE,Authorized change within baseline parameters
DRF00841,Control-51,True,EMERGENCY_CHANGE_NOT_REVERTED,MEDIUM,Policy violation: Emergency Change Not Reverted
DRF00625,Control-92,True,LOGGING_DISABLED,CRITICAL,Security-critical config drift: Logging Disabled
DRF00771,Control-44,True,COMPLIANCE_VIOLATION,HIGH,Security-critical config drift: Compliance Violation
DRF00972,Control-80,True,EMERGENCY_CHANGE_NOT_REVERTED,MEDIUM,Policy violation: Emergency Change Not Reverted
DRF00840,Control-86,True,HIGH_SEVERITY_DRIFT,HIGH,High severity control drifted from baseline
DRF00604,Control-76,False,NORMAL_CHANGE,NONE,Authorized change within baseline parameters
DRF00844,Control-21,False,NORMAL_CHANGE,NONE,Authorized change within baseline parameters
DRF00769,Control-82,True,EMERGENCY_CHANGE_NOT_REVERTED,MEDIUM,Policy violation: Emergency Change Not Reverted
DRF00932,Control-99,True,ENCRYPTION_DOWNGRADE,CRITICAL,Security-critical config drift: Encryption Downgrade
DRF00593,Control-92,True,LOGGING_DISABLED,CRITICAL,Security-critical config drift: Logging Disabled
DRF00813,Control-85,True,ENCRYPTION_DOWNGRADE,CRITICAL,Security-critical config drift: Encryption Downgrade
DRF00945,Control-71,True,ACCESS_BROADENED,HIGH,Security-critical config drift: Access Broadened
DRF00868,Control-14,False,NORMAL_CHANGE,NONE,Authorized change within baseline parameters
DRF00748,Control-69,True,ACCESS_BROADENED,HIGH,Security-critical config drift: Access Broadened
DRF00579,Control-81,True,ENCRYPTION_DOWNGRADE,CRITICAL,Security-critical config drift: Encryption Downgrade
DRF00732,Control-78,False,NORMAL_CHANGE,NONE,Authorized change within baseline parameters
DRF00909,Control-20,True,LOGGING_DISABLED,CRITICAL,Security-critical config drift: Logging Disabled
DRF00589,Control-18,False,NORMAL_CHANGE,NONE,Authorized change within baseline parameters
DRF00750,Control-63,False,NORMAL_CHANGE,NONE,Authorized change within baseline parameters
DRF00710,Control-30,True,ACCESS_BROADENED,HIGH,Security-critical config drift: Access Broadened
DRF00538,Control-23,True,UNAPPROVED_CHANGE,MEDIUM,Policy violation: Unapproved Change
DRF00886,Control-48,True,COMPLIANCE_VIOLATION,HIGH,Security-critical config drift: Compliance Violation
DRF00644,Control-54,False,NORMAL_CHANGE,NONE,Authorized change within baseline parameters
DRF00575,Control-51,True,LOGGING_DISABLED,CRITICAL,Security-critical config drift: Logging Disabled
DRF00541,Control-71,True,ENCRYPTION_DOWNGRADE,CRITICAL,Security-critical config drift: Encryption Downgrade
DRF00657,Control-94,False,NORMAL_CHANGE,NONE,Authorized change within baseline parameters
DRF00896,Control-88,False,NORMAL_CHANGE,NONE,Authorized change within baseline parameters
DRF00702,Control-14,True,UNAPPROVED_CHANGE,MEDIUM,Policy violation: Unapproved Change
DRF00893,Control-1,True,ENCRYPTION_DOWNGRADE,CRITICAL,Security-critical config drift: Encryption Downgrade
DRF00957,Control-72,False,NORMAL_CHANGE,NONE,Authorized change within baseline parameters
DRF00553,Control-14,False,NORMAL_CHANGE,NONE,Authorized change within baseline parameters
DRF00857,Control-47,True,EMERGENCY_CHANGE_NOT_REVERTED,MEDIUM,Policy violation: Emergency Change Not Reverted
DRF00670,Control-50,True,ENCRYPTION_DOWNGRADE,CRITICAL,Security-critical config drift: Encryption Downgrade
DRF00565,Control-89,False,NORMAL_CHANGE,NONE,Authorized change within baseline parameters
DRF00668,Control-97,False,NORMAL_CHANGE,NONE,Authorized change within baseline parameters
DRF00992,Control-67,True,ACCESS_BROADENED,HIGH,Security-critical config drift: Access Broadened
DRF00785,Control-27,True,LOGGING_DISABLED,CRITICAL,Security-critical config drift: Logging Disabled
DRF00781,Control-5,True,UNAPPROVED_CHANGE,MEDIUM,Policy violation: Unapproved Change
DRF00767,Control-40,True,COMPLIANCE_VIOLATION,HIGH,Security-critical config drift: Compliance Violation
DRF00787,Control-61,True,EMERGENCY_CHANGE_NOT_REVERTED,MEDIUM,Policy violation: Emergency Change Not Reverted
DRF00768,Control-93,True,EMERGENCY_CHANGE_NOT_REVERTED,MEDIUM,Policy violation: Emergency Change Not Reverted
DRF00995,Control-7,True,ACCESS_BROADENED,HIGH,Security-critical config drift: Access Broadened
DRF00966,Control-49,False,NORMAL_CHANGE,NONE,Authorized change within baseline parameters
DRF00558,Control-79,True,UNAPPROVED_CHANGE,MEDIUM,Policy violation: Unapproved Change
DRF00776,Control-32,True,EMERGENCY_CHANGE_NOT_REVERTED,MEDIUM,Policy violation: Emergency Change Not Reverted
DRF00516,Control-97,True,UNAPPROVED_CHANGE,MEDIUM,Policy violation: Unapproved Change
DRF00867,Control-63,True,ENCRYPTION_DOWNGRADE,CRITICAL,Security-critical config drift: Encryption Downgrade
DRF00671,Control-42,True,COMPLIANCE_VIOLATION,HIGH,Security-critical config drift: Compliance Violation
DRF00731,Control-67,True,ACCESS_BROADENED,HIGH,Security-critical config drift: Access Broadened
DRF00563,Control-62,True,ACCESS_BROADENED,HIGH,Security-critical config drift: Access Broadened
DRF00938,Control-41,False,NORMAL_CHANGE,NONE,Authorized change within baseline parameters
DRF00905,Control-33,True,ACCESS_BROADENED,HIGH,Security-critical config drift: Access Broadened
DRF00967,Control-35,False,NORMAL_CHANGE,NONE,Authorized change within baseline parameters
DRF00664,Control-4,True,UNAPPROVED_CHANGE,MEDIUM,Policy violation: Unapproved Change
DRF00888,Control-38,True,ACCESS_BROADENED,HIGH,Security-critical config drift: Access Broadened
DRF00883,Control-86,False,NORMAL_CHANGE,NONE,Authorized change within baseline parameters
DRF00777,Control-72,True,LOGGING_DISABLED,CRITICAL,Security-critical config drift: Logging Disabled
DRF00607,Control-40,True,COMPLIANCE_VIOLATION,HIGH,Security-critical config drift: Compliance Violation
DRF00606,Control-76,False,NORMAL_CHANGE,NONE,Authorized change within baseline parameters
DRF00623,Control-19,True,EMERGENCY_CHANGE_NOT_REVERTED,MEDIUM,Policy violation: Emergency Change Not Reverted
DRF00525,Control-48,True,LOGGING_DISABLED,CRITICAL,Security-critical config drift: Logging Disabled
DRF00641,Control-8,False,NORMAL_CHANGE,NONE,Authorized change within baseline parameters
DRF00982,Control-35,True,LOGGING_DISABLED,CRITICAL,Security-critical config drift: Logging Disabled
DRF00981,Control-40,True,LOGGING_DISABLED,CRITICAL,Security-critical config drift: Logging Disabled
DRF00926,Control-75,True,COMPLIANCE_VIOLATION,HIGH,Security-critical config drift: Compliance Violation
DRF00990,Control-92,True,LOGGING_DISABLED,CRITICAL,Security-critical config drift: Logging Disabled
DRF00874,Control-67,True,UNAPPROVED_CHANGE,MEDIUM,Policy violation: Unapproved Change
DRF00860,Control-58,True,COMPLIANCE_VIOLATION,HIGH,Security-critical config drift: Compliance Violation
DRF00976,Control-61,False,NORMAL_CHANGE,NONE,Authorized change within baseline parameters
DRF00539,Control-39,True,ACCESS_BROADENED,HIGH,Security-critical config drift: Access Broadened
DRF00549,Control-80,True,UNAPPROVED_CHANGE,MEDIUM,Policy violation: Unapproved Change
DRF00576,Control-8,True,ENCRYPTION_DOWNGRADE,CRITICAL,Security-critical config drift: Encryption Downgrade
DRF00826,Control-45,True,ENCRYPTION_DOWNGRADE,CRITICAL,Security-critical config drift: Encryption Downgrade
DRF00695,Control-99,False,NORMAL_CHANGE,NONE,Authorized change within baseline parameters
DRF00523,Control-46,True,COMPLIANCE_VIOLATION,HIGH,Security-critical config drift: Compliance Violation
DRF00983,Control-47,False,NORMAL_CHANGE,NONE,Authorized change within baseline parameters
DRF00630,Control-2,False,NORMAL_CHANGE,NONE,Authorized change within baseline parameters
DRF00569,Control-92,True,HIGH_SEVERITY_DRIFT,HIGH,High severity control drifted from baseline
DRF00907,Control-12,True,ENCRYPTION_DOWNGRADE,CRITICAL,Security-critical config drift: Encryption Downgrade
DRF00611,Control-10,True,ENCRYPTION_DOWNGRADE,CRITICAL,Security-critical config drift: Encryption Downgrade
DRF00596,Control-98,True,UNAPPROVED_CHANGE,MEDIUM,Policy violation: Unapproved Change
DRF00827,Control-29,True,HIGH_SEVERITY_DRIFT,CRITICAL,Critical severity control drifted from baseline
DRF00691,Control-33,True,EMERGENCY_CHANGE_NOT_REVERTED,MEDIUM,Policy violation: Emergency Change Not Reverted
DRF00736,Control-17,False,NORMAL_CHANGE,NONE,Authorized change within baseline parameters
DRF00766,Control-85,True,LOGGING_DISABLED,CRITICAL,Security-critical config drift: Logging Disabled
DRF00595,Control-25,True,HIGH_SEVERITY_DRIFT,HIGH,High severity control drifted from baseline
DRF00765,Control-47,True,UNAPPROVED_CHANGE,MEDIUM,Policy violation: Unapproved Change
DRF00921,Control-77,True,COMPLIANCE_VIOLATION,HIGH,Security-critical config drift: Compliance Violation
DRF00752,Control-3,True,COMPLIANCE_VIOLATION,HIGH,Security-critical config drift: Compliance Violation
DRF00557,Control-13,True,ACCESS_BROADENED,HIGH,Security-critical config drift: Access Broadened
DRF00871,Control-22,True,ACCESS_BROADENED,HIGH,Security-critical config drift: Access Broadened
DRF00701,Control-30,True,ENCRYPTION_DOWNGRADE,CRITICAL,Security-critical config drift: Encryption Downgrade
DRF00742,Control-38,True,COMPLIANCE_VIOLATION,HIGH,Security-critical config drift: Compliance Violation
DRF00598,Control-75,True,ACCESS_BROADENED,HIGH,Security-critical config drift: Access Broadened
DRF00621,Control-65,True,EMERGENCY_CHANGE_NOT_REVERTED,MEDIUM,Policy violation: Emergency Change Not Reverted
DRF00524,Control-78,False,NORMAL_CHANGE,NONE,Authorized change within baseline parameters
DRF00961,Control-88,True,ENCRYPTION_DOWNGRADE,CRITICAL,Security-critical config drift: Encryption Downgrade
DRF00897,Control-36,False,NORMAL_CHANGE,NONE,Authorized change within baseline parameters
DRF00570,Control-52,True,COMPLIANCE_VIOLATION,HIGH,Security-critical config drift: Compliance Violation
DRF00753,Control-21,True,ACCESS_BROADENED,HIGH,Security-critical config drift: Access Broadened
DRF00547,Control-53,False,NORMAL_CHANGE,NONE,Authorized change within baseline parameters
DRF00845,Control-87,True,ACCESS_BROADENED,HIGH,Security-critical config drift: Access Broadened
DRF00770,Control-41,True,ENCRYPTION_DOWNGRADE,CRITICAL,Security-critical config drift: Encryption Downgrade
DRF00594,Control-60,True,COMPLIANCE_VIOLATION,HIGH,Security-critical config drift: Compliance Violation
DRF00744,Control-64,True,EMERGENCY_CHANGE_NOT_REVERTED,MEDIUM,Policy violation: Emergency Change Not Reverted
DRF00588,Control-3,True,UNAPPROVED_CHANGE,MEDIUM,Policy violation: Unapproved Change
DRF00737,Control-60,False,NORMAL_CHANGE,NONE,Authorized change within baseline parameters
DRF00601,Control-1,True,COMPLIANCE_VIOLATION,HIGH,Security-critical config drift: Compliance Violation
DRF00712,Control-91,True,COMPLIANCE_VIOLATION,HIGH,Security-critical config drift: Compliance Violation
DRF00900,Control-40,True,COMPLIANCE_VIOLATION,HIGH,Security-critical config drift: Compliance Violation
DRF00536,Control-77,False,NORMAL_CHANGE,NONE,Authorized change within baseline parameters
DRF00751,Control-53,True,ACCESS_BROADENED,HIGH,Security-critical config drift: Access Broadened
DRF00665,Control-48,True,LOGGING_DISABLED,CRITICAL,Security-critical config drift: Logging Disabled
DRF00704,Control-25,True,COMPLIANCE_VIOLATION,HIGH,Security-critical config drift: Compliance Violation
DRF00758,Control-11,False,NORMAL_CHANGE,NONE,Authorized change within baseline parameters
DRF00546,Control-16,False,NORMAL_CHANGE,NONE,Authorized change within baseline parameters
DRF00968,Control-42,False,NORMAL_CHANGE,NONE,Authorized change within baseline parameters
DRF00666,Control-21,True,COMPLIANCE_VIOLATION,HIGH,Security-critical config drift: Compliance Violation
DRF00811,Control-70,True,LOGGING_DISABLED,CRITICAL,Security-critical config drift: Logging Disabled
DRF00912,Control-10,False,NORMAL_CHANGE,NONE,Authorized change within baseline parameters
DRF00839,Control-4,True,EMERGENCY_CHANGE_NOT_REVERTED,MEDIUM,Policy violation: Emergency Change Not Reverted
DRF00793,Control-70,True,UNAPPROVED_CHANGE,MEDIUM,Policy violation: Unapproved Change
DRF00762,Control-30,False,NORMAL_CHANGE,NONE,Authorized change within baseline parameters
DRF00940,Control-13,True,ENCRYPTION_DOWNGRADE,CRITICAL,Security-critical config drift: Encryption Downgrade
DRF00627,Control-25,True,LOGGING_DISABLED,CRITICAL,Security-critical config drift: Logging Disabled
DRF00812,Control-11,True,EMERGENCY_CHANGE_NOT_REVERTED,MEDIUM,Policy violation: Emergency Change Not Reverted
DRF00817,Control-23,True,ACCESS_BROADENED,HIGH,Security-critical config drift: Access Broadened
DRF00564,Control-16,True,ACCESS_BROADENED,HIGH,Security-critical config drift: Access Broadened
DRF00987,Control-86,True,ACCESS_BROADENED,HIGH,Security-critical config drift: Access Broadened
DRF00800,Control-79,False,NORMAL_CHANGE,NONE,Authorized change within baseline parameters
DRF00636,Control-84,True,ENCRYPTION_DOWNGRADE,CRITICAL,Security-critical config drift: Encryption Downgrade
DRF00624,Control-97,True,COMPLIANCE_VIOLATION,HIGH,Security-critical config drift: Compliance Violation
DRF00916,Control-62,True,ENCRYPTION_DOWNGRADE,CRITICAL,Security-critical config drift: Encryption Downgrade
DRF00782,Control-39,True,COMPLIANCE_VIOLATION,HIGH,Security-critical config drift: Compliance Violation
DRF00680,Control-5,False,NORMAL_CHANGE,NONE,Authorized change within baseline parameters
DRF00519,Control-52,True,ENCRYPTION_DOWNGRADE,CRITICAL,Security-critical config drift: Encryption Downgrade
DRF00756,Control-54,True,ENCRYPTION_DOWNGRADE,CRITICAL,Security-critical config drift: Encryption Downgrade
DRF00688,Control-23,True,UNAPPROVED_CHANGE,MEDIUM,Policy violation: Unapproved Change
DRF00540,Control-3,True,COMPLIANCE_VIOLATION,HIGH,Security-critical config drift: Compliance Violation
DRF00583,Control-98,True,EMERGENCY_CHANGE_NOT_REVERTED,MEDIUM,Policy violation: Emergency Change Not Reverted
DRF00835,Control-89,True,COMPLIANCE_VIOLATION,HIGH,Security-critical config drift: Compliance Violation
DRF00952,Control-5,True,HIGH_SEVERITY_DRIFT,CRITICAL,Critical severity control drifted from baseline
DRF00910,Control-36,True,EMERGENCY_CHANGE_NOT_REVERTED,MEDIUM,Policy violation: Emergency Change Not Reverted
DRF00833,Control-89,True,COMPLIANCE_VIOLATION,HIGH,Security-critical config drift: Compliance Violation
DRF00802,Control-63,True,COMPLIANCE_VIOLATION,HIGH,Security-critical config drift: Compliance Violation
DRF00755,Control-38,False,NORMAL_CHANGE,NONE,Authorized change within baseline parameters
DRF00774,Control-86,True,LOGGING_DISABLED,CRITICAL,Security-critical config drift: Logging Disabled
DRF00872,Control-51,False,NORMAL_CHANGE,NONE,Authorized change within baseline parameters
DRF00836,Control-90,True,HIGH_SEVERITY_DRIFT,CRITICAL,Critical severity control drifted from baseline
DRF00922,Control-81,False,NORMAL_CHANGE,NONE,Authorized change within baseline parameters
DRF00610,Control-33,True,ACCESS_BROADENED,HIGH,Security-critical config drift: Access Broadened
DRF00530,Control-39,True,EMERGENCY_CHANGE_NOT_REVERTED,MEDIUM,Policy violation: Emergency Change Not Reverted
DRF00831,Control-61,False,NORMAL_CHANGE,NONE,Authorized change within baseline parameters
DRF00542,Control-4,True,COMPLIANCE_VIOLATION,HIGH,Security-critical config drift: Compliance Violation
DRF00629,Control-74,True,ACCESS_BROADENED,HIGH,Security-critical config drift: Access Broadened
DRF00882,Control-9,True,UNAPPROVED_CHANGE,MEDIUM,Policy violation: Unapproved Change
DRF00599,Control-83,False,NORMAL_CHANGE,NONE,Authorized change within baseline parameters
DRF00648,Control-66,False,NORMAL_CHANGE,NONE,Authorized change within baseline parameters
DRF00856,Control-63,True,UNAPPROVED_CHANGE,MEDIUM,Policy violation: Unapproved Change
DRF00556,Control-39,True,UNAPPROVED_CHANGE,MEDIUM,Policy violation: Unapproved Change
DRF00779,Control-50,True,UNAPPROVED_CHANGE,MEDIUM,Policy violation: Unapproved Change
DRF00559,Control-96,False,NORMAL_CHANGE,NONE,Authorized change within baseline parameters
DRF00772,Control-66,True,UNAPPROVED_CHANGE,MEDIUM,Policy violation: Unapproved Change
DRF00997,Control-44,True,ENCRYPTION_DOWNGRADE,CRITICAL,Security-critical config drift: Encryption Downgrade
DRF00502,Control-19,True,ENCRYPTION_DOWNGRADE,CRITICAL,Security-critical config drift: Encryption Downgrade
DRF00637,Control-65,True,LOGGING_DISABLED,CRITICAL,Security-critical config drift: Logging Disabled
DRF00682,Control-52,True,COMPLIANCE_VIOLATION,HIGH,Security-critical config drift: Compliance Violation
DRF00554,Control-36,False,NORMAL_CHANGE,NONE,Authorized change within baseline parameters
DRF00804,Control-12,True,EMERGENCY_CHANGE_NOT_REVERTED,MEDIUM,Policy violation: Emergency Change Not Reverted
DRF00869,Control-28,True,ENCRYPTION_DOWNGRADE,CRITICAL,Security-critical config drift: Encryption Downgrade
DRF00975,Control-81,True,UNAPPROVED_CHANGE,MEDIUM,Policy violation: Unapproved Change
DRF00962,Control-26,False,NORMAL_CHANGE,NONE,Authorized change within baseline parameters
DRF00609,Control-51,False,NORMAL_CHANGE,NONE,Authorized change within baseline parameters
DRF00973,Control-52,True,ACCESS_BROADENED,HIGH,Security-critical config drift: Access Broadened
DRF00959,Control-50,True,UNAPPROVED_CHANGE,MEDIUM,Policy violation: Unapproved Change
DRF00510,Control-73,True,EMERGENCY_CHANGE_NOT_REVERTED,MEDIUM,Policy violation: Emergency Change Not Reverted
DRF00544,Control-29,True,ACCESS_BROADENED,HIGH,Security-critical config drift: Access Broadened
DRF00678,Control-50,False,NORMAL_CHANGE,NONE,Authorized change within baseline parameters
DRF00933,Control-89,False,NORMAL_CHANGE,NONE,Authorized change within baseline parameters
DRF00894,Control-29,True,COMPLIANCE_VIOLATION,HIGH,Security-critical config drift: Compliance Violation
DRF00743,Control-85,False,NORMAL_CHANGE,NONE,Authorized change within baseline parameters
DRF00673,Control-14,False,NORMAL_CHANGE,NONE,Authorized change within baseline parameters
DRF00658,Control-94,True,ACCESS_BROADENED,HIGH,Security-critical config drift: Access Broadened
DRF00819,Control-95,False,NORMAL_CHANGE,NONE,Authorized change within baseline parameters
DRF00740,Control-29,True,ENCRYPTION_DOWNGRADE,CRITICAL,Security-critical config drift: Encryption Downgrade
DRF00890,Control-40,True,COMPLIANCE_VIOLATION,HIGH,Security-critical config drift: Compliance Violation
DRF00508,Control-71,False,NORMAL_CHANGE,NONE,Authorized change within baseline parameters
DRF00500,Control-5,True,COMPLIANCE_VIOLATION,HIGH,Security-critical config drift: Compliance Violation
DRF00577,Control-58,True,UNAPPROVED_CHANGE,MEDIUM,Policy violation: Unapproved Change
DRF00631,Control-74,True,ENCRYPTION_DOWNGRADE,CRITICAL,Security-critical config drift: Encryption Downgrade
DRF00986,Control-50,True,EMERGENCY_CHANGE_NOT_REVERTED,MEDIUM,Policy violation: Emergency Change Not Reverted
DRF00795,Control-58,True,ACCESS_BROADENED,HIGH,Security-critical config drift: Access Broadened
DRF00529,Control-48,True,ACCESS_BROADENED,HIGH,Security-critical config drift: Access Broadened
DRF00955,Control-34,True,LOGGING_DISABLED,CRITICAL,Security-critical config drift: Logging Disabled
DRF00999,Control-61,False,NORMAL_CHANGE,NONE,Authorized change within baseline parameters
DRF00851,Control-38,True,ENCRYPTION_DOWNGRADE,CRITICAL,Security-critical config drift: Encryption Downgrade
DRF00535,Control-90,False,NORMAL_CHANGE,NONE,Authorized change within baseline parameters
DRF00852,Control-96,True,LOGGING_DISABLED,CRITICAL,Security-critical config drift: Logging Disabled
DRF00719,Control-70,False,NORMAL_CHANGE,NONE,Authorized change within baseline parameters
DRF00757,Control-59,True,ENCRYPTION_DOWNGRADE,CRITICAL,Security-critical config drift: Encryption Downgrade
DRF00512,Control-74,True,EMERGENCY_CHANGE_NOT_REVERTED,MEDIUM,Policy violation: Emergency Change Not Reverted
DRF00618,Control-52,False,NORMAL_CHANGE,NONE,Authorized change within baseline parameters
DRF00515,Control-21,False,NORMAL_CHANGE,NONE,Authorized change within baseline parameters
DRF00639,Control-79,True,ACCESS_BROADENED,HIGH,Security-critical config drift: Access Broadened
DRF00923,Control-75,True,EMERGENCY_CHANGE_NOT_REVERTED,MEDIUM,Policy violation: Emergency Change Not Reverted
DRF00864,Control-13,False,NORMAL_CHANGE,NONE,Authorized change within baseline parameters
DRF00578,Control-65,True,ACCESS_BROADENED,HIGH,Security-critical config drift: Access Broadened
DRF00669,Control-5,True,ACCESS_BROADENED,HIGH,Security-critical config drift: Access Broadened
DRF00796,Control-68,True,ENCRYPTION_DOWNGRADE,CRITICAL,Security-critical config drift: Encryption Downgrade
DRF00552,Control-51,False,NORMAL_CHANGE,NONE,Authorized change within baseline parameters
DRF00985,Control-45,True,EMERGENCY_CHANGE_NOT_REVERTED,MEDIUM,Policy violation: Emergency Change Not Reverted
DRF00622,Control-18,True,HIGH_SEVERITY_DRIFT,CRITICAL,Critical severity control drifted from baseline
DRF00602,Control-15,True,UNAPPROVED_CHANGE,MEDIUM,Policy violation: Unapproved Change
DRF00580,Control-69,True,UNAPPROVED_CHANGE,MEDIUM,Policy violation: Unapproved Change
DRF00653,Control-64,True,UNAPPROVED_CHANGE,MEDIUM,Policy violation: Unapproved Change
DRF00746,Control-89,False,NORMAL_CHANGE,NONE,Authorized change within baseline parameters
DRF00521,Control-55,True,LOGGING_DISABLED,CRITICAL,Security-critical config drift: Logging Disabled
DRF00735,Control-20,False,NORMAL_CHANGE,NONE,Authorized change within baseline parameters
DRF00937,Control-90,True,ACCESS_BROADENED,HIGH,Security-critical config drift: Access Broadened
DRF00791,Control-10,False,NORMAL_CHANGE,NONE,Authorized change within baseline parameters
DRF00527,Control-75,True,ENCRYPTION_DOWNGRADE,CRITICAL,Security-critical config drift: Encryption Downgrade
DRF00522,Control-79,True,COMPLIANCE_VIOLATION,HIGH,Security-critical config drift: Compliance Violation
DRF00509,Control-66,False,NORMAL_CHANGE,NONE,Authorized change within baseline parameters
DRF00863,Control-39,False,NORMAL_CHANGE,NONE,Authorized change within baseline parameters
DRF00724,Control-63,True,UNAPPROVED_CHANGE,MEDIUM,Policy violation: Unapproved Change
DRF00533,Control-67,True,UNAPPROVED_CHANGE,MEDIUM,Policy violation: Unapproved Change
DRF00548,Control-23,False,NORMAL_CHANGE,NONE,Authorized change within baseline parameters
DRF00908,Control-1,True,HIGH_SEVERITY_DRIFT,CRITICAL,Critical severity control drifted from baseline
DRF00562,Control-32,False,NORMAL_CHANGE,NONE,Authorized change within baseline parameters
DRF00903,Control-53,True,COMPLIANCE_VIOLATION,HIGH,Security-critical config drift: Compliance Violation
DRF00799,Control-99,True,UNAPPROVED_CHANGE,MEDIUM,Policy violation: Unapproved Change
DRF00970,Control-37,True,COMPLIANCE_VIOLATION,HIGH,Security-critical config drift: Compliance Violation
DRF00953,Control-36,False,NORMAL_CHANGE,NONE,Authorized change within baseline parameters
DRF00911,Control-63,False,NORMAL_CHANGE,NONE,Authorized change within baseline parameters
DRF00696,Control-78,False,NORMAL_CHANGE,NONE,Authorized change within baseline parameters
DRF00974,Control-56,True,EMERGENCY_CHANGE_NOT_REVERTED,MEDIUM,Policy violation: Emergency Change Not Reverted
DRF00532,Control-71,True,ENCRYPTION_DOWNGRADE,CRITICAL,Security-critical config drift: Encryption Downgrade
DRF00808,Control-85,True,LOGGING_DISABLED,CRITICAL,Security-critical config drift: Logging Disabled
DRF00711,Control-86,False,NORMAL_CHANGE,NONE,Authorized change within baseline parameters
DRF00989,Control-5,True,UNAPPROVED_CHANGE,MEDIUM,Policy violation: Unapproved Change
DRF00956,Control-94,False,NORMAL_CHANGE,NONE,Authorized change within baseline parameters
DRF00991,Control-16,True,EMERGENCY_CHANGE_NOT_REVERTED,MEDIUM,Policy violation: Emergency Change Not Reverted
DRF00705,Control-33,True,ACCESS_BROADENED,HIGH,Security-critical config drift: Access Broadened
DRF00616,Control-11,True,ENCRYPTION_DOWNGRADE,CRITICAL,Security-critical config drift: Encryption Downgrade
DRF00920,Control-5,True,ACCESS_BROADENED,HIGH,Security-critical config drift: Access Broadened
DRF00537,Control-12,False,NORMAL_CHANGE,NONE,Authorized change within baseline parameters
DRF00647,Control-48,False,NORMAL_CHANGE,NONE,Authorized change within baseline parameters
DRF00821,Control-88,True,LOGGING_DISABLED,CRITICAL,Security-critical config drift: Logging Disabled
DRF00797,Control-2,True,ACCESS_BROADENED,HIGH,Security-critical config drift: Access Broadened
DRF00686,Control-11,True,UNAPPROVED_CHANGE,MEDIUM,Policy violation: Unapproved Change
DRF00875,Control-11,True,LOGGING_DISABLED,CRITICAL,Security-critical config drift: Logging Disabled
DRF00730,Control-54,True,ENCRYPTION_DOWNGRADE,CRITICAL,Security-critical config drift: Encryption Downgrade
DRF00726,Control-76,True,ACCESS_BROADENED,HIGH,Security-critical config drift: Access Broadened
DRF00717,Control-90,False,NORMAL_CHANGE,NONE,Authorized change within baseline parameters
DRF00928,Control-31,True,COMPLIANCE_VIOLATION,HIGH,Security-critical config drift: Compliance Violation
DRF00700,Control-46,False,NORMAL_CHANGE,NONE,Authorized change within baseline parameters
DRF00603,Control-89,True,ACCESS_BROADENED,HIGH,Security-critical config drift: Access Broadened
DRF00592,Control-44,True,UNAPPROVED_CHANGE,MEDIUM,Policy violation: Unapproved Change
DRF00866,Control-83,True,LOGGING_DISABLED,CRITICAL,Security-critical config drift: Logging Disabled
DRF00947,Control-46,True,UNAPPROVED_CHANGE,MEDIUM,Policy violation: Unapproved Change
DRF00654,Control-87,False,NORMAL_CHANGE,NONE,Authorized change within baseline parameters
DRF00551,Control-9,False,NORMAL_CHANGE,NONE,Authorized change within baseline parameters
DRF00876,Control-50,False,NORMAL_CHANGE,NONE,Authorized change within baseline parameters
DRF00786,Control-11,False,NORMAL_CHANGE,NONE,Authorized change within baseline parameters
DRF00613,Control-72,True,ACCESS_BROADENED,HIGH,Security-critical config drift: Access Broadened
DRF00934,Control-31,True,EMERGENCY_CHANGE_NOT_REVERTED,MEDIUM,Policy violation: Emergency Change Not Reverted
DRF00994,Control-65,True,LOGGING_DISABLED,CRITICAL,Security-critical config drift: Logging Disabled
DRF00832,Control-73,True,ENCRYPTION_DOWNGRADE,CRITICAL,Security-critical config drift: Encryption Downgrade
DRF00652,Control-68,True,ENCRYPTION_DOWNGRADE,CRITICAL,Security-critical config drift: Encryption Downgrade
DRF00501,Control-11,True,LOGGING_DISABLED,CRITICAL,Security-critical config drift: Logging Disabled
DRF00846,Control-43,True,EMERGENCY_CHANGE_NOT_REVERTED,MEDIUM,Policy violation: Emergency Change Not Reverted
DRF00679,Control-13,False,NORMAL_CHANGE,NONE,Authorized change within baseline parameters
DRF00815,Control-11,False,NORMAL_CHANGE,NONE,Authorized change within baseline parameters
DRF00998,Control-93,True,LOGGING_DISABLED,CRITICAL,Security-critical config drift: Logging Disabled
DRF00798,Control-96,False,NORMAL_CHANGE,NONE,Authorized change within baseline parameters
DRF00584,Control-21,False,NORMAL_CHANGE,NONE,Authorized change within baseline parameters
DRF00843,Control-18,False,NORMAL_CHANGE,NONE,Authorized change within baseline parameters
DRF00507,Control-37,True,COMPLIANCE_VIOLATION,HIGH,Security-critical config drift: Compliance Violation
DRF00810,Control-88,True,COMPLIANCE_VIOLATION,HIGH,Security-critical config drift: Compliance Violation
DRF00825,Control-46,True,EMERGENCY_CHANGE_NOT_REVERTED,MEDIUM,Policy violation: Emergency Change Not Reverted
DRF00950,Control-42,True,ACCESS_BROADENED,HIGH,Security-critical config drift: Access Broadened
DRF00824,Control-8,True,UNAPPROVED_CHANGE,MEDIUM,Policy violation: Unapproved Change
DRF00943,Control-17,True,EMERGENCY_CHANGE_NOT_REVERTED,MEDIUM,Policy violation: Emergency Change Not Reverted
DRF00520,Control-37,False,NORMAL_CHANGE,NONE,Authorized change within baseline parameters
DRF00590,Control-5,False,NORMAL_CHANGE,NONE,Authorized change within baseline parameters
DRF00672,Control-52,True,HIGH_SEVERITY_DRIFT,CRITICAL,Critical severity control drifted from baseline
DRF00873,Control-67,True,COMPLIANCE_VIOLATION,HIGH,Security-critical config drift: Compliance Violation
DRF00754,Control-99,True,EMERGENCY_CHANGE_NOT_REVERTED,MEDIUM,Policy violation: Emergency Change Not Reverted
DRF00936,Control-66,True,COMPLIANCE_VIOLATION,HIGH,Security-critical config drift: Compliance Violation
DRF00944,Control-67,True,COMPLIANCE_VIOLATION,HIGH,Security-critical config drift: Compliance Violation
DRF00829,Control-22,True,ACCESS_BROADENED,HIGH,Security-critical config drift: Access Broadened
DRF00503,Control-21,True,EMERGENCY_CHANGE_NOT_REVERTED,MEDIUM,Policy violation: Emergency Change Not Reverted
DRF00792,Control-3,False,NORMAL_CHANGE,NONE,Authorized change within baseline parameters
DRF00693,Control-43,True,UNAPPROVED_CHANGE,MEDIUM,Policy violation: Unapproved Change
DRF00984,Control-30,True,ACCESS_BROADENED,HIGH,Security-critical config drift: Access Broadened
DRF00906,Control-39,True,LOGGING_DISABLED,CRITICAL,Security-critical config drift: Logging Disabled
DRF00612,Control-92,True,ENCRYPTION_DOWNGRADE,CRITICAL,Security-critical config drift: Encryption Downgrade
DRF00828,Control-18,True,EMERGENCY_CHANGE_NOT_REVERTED,MEDIUM,Policy violation: Emergency Change Not Reverted
DRF00965,Control-4,True,ENCRYPTION_DOWNGRADE,CRITICAL,Security-critical config drift: Encryption Downgrade
DRF00739,Control-59,True,ENCRYPTION_DOWNGRADE,CRITICAL,Security-critical config drift: Encryption Downgrade
DRF00504,Control-48,True,ENCRYPTION_DOWNGRADE,CRITICAL,Security-critical config drift: Encryption Downgrade
DRF00674,Control-55,False,NORMAL_CHANGE,NONE,Authorized change within baseline parameters
DRF00597,Control-69,True,EMERGENCY_CHANGE_NOT_REVERTED,MEDIUM,Policy violation: Emergency Change Not Reverted
DRF00901,Control-73,False,NORMAL_CHANGE,NONE,Authorized change within baseline parameters
DRF00899,Control-73,False,NORMAL_CHANGE,NONE,Authorized change within baseline parameters
DRF00849,Control-13,True,COMPLIANCE_VIOLATION,HIGH,Security-critical config drift: Compliance Violation
DRF00780,Control-83,True,ENCRYPTION_DOWNGRADE,CRITICAL,Security-critical config drift: Encryption Downgrade
DRF00585,Control-92,True,HIGH_SEVERITY_DRIFT,HIGH,High severity control drifted from baseline
DRF00571,Control-24,True,COMPLIANCE_VIOLATION,HIGH,Security-critical config drift: Compliance Violation
DRF00914,Control-27,True,LOGGING_DISABLED,CRITICAL,Security-critical config drift: Logging Disabled
DRF00714,Control-26,True,ACCESS_BROADENED,HIGH,Security-critical config drift: Access Broadened
DRF00915,Control-38,True,ACCESS_BROADENED,HIGH,Security-critical config drift: Access Broadened
DRF00861,Control-96,True,ACCESS_BROADENED,HIGH,Security-critical config drift: Access Broadened
DRF00988,Control-89,True,ACCESS_BROADENED,HIGH,Security-critical config drift: Access Broadened
DRF00954,Control-50,True,ENCRYPTION_DOWNGRADE,CRITICAL,Security-critical config drift: Encryption Downgrade
DRF00738,Control-41,True,EMERGENCY_CHANGE_NOT_REVERTED,MEDIUM,Policy violation: Emergency Change Not Reverted
DRF00877,Control-50,True,ENCRYPTION_DOWNGRADE,CRITICAL,Security-critical config drift: Encryption Downgrade
DRF00734,Control-73,True,COMPLIANCE_VIOLATION,HIGH,Security-critical config drift: Compliance Violation
DRF00803,Control-76,True,ENCRYPTION_DOWNGRADE,CRITICAL,Security-critical config drift: Encryption Downgrade
DRF00996,Control-59,False,NORMAL_CHANGE,NONE,Authorized change within baseline parameters
DRF00656,Control-14,True,COMPLIANCE_VIOLATION,HIGH,Security-critical config drift: Compliance Violation
DRF00887,Control-76,True,LOGGING_DISABLED,CRITICAL,Security-critical config drift: Logging Disabled
DRF00941,Control-80,False,NORMAL_CHANGE,NONE,Authorized change within baseline parameters
DRF00889,Control-69,False,NORMAL_CHANGE,NONE,Authorized change within baseline parameters
DRF00884,Control-13,False,NORMAL_CHANGE,NONE,Authorized change within baseline parameters
DRF00925,Control-66,False,NORMAL_CHANGE,NONE,Authorized change within baseline parameters
DRF00818,Control-75,False,NORMAL_CHANGE,NONE,Authorized change within baseline parameters
DRF00919,Control-12,True,COMPLIANCE_VIOLATION,HIGH,Security-critical config drift: Compliance Violation
DRF00929,Control-69,False,NORMAL_CHANGE,NONE,Authorized change within baseline parameters
DRF00725,Control-80,True,EMERGENCY_CHANGE_NOT_REVERTED,MEDIUM,Policy violation: Emergency Change Not Reverted
DRF00528,Control-39,False,NORMAL_CHANGE,NONE,Authorized change within baseline parameters
DRF00794,Control-58,True,EMERGENCY_CHANGE_NOT_REVERTED,MEDIUM,Policy violation: Emergency Change Not Reverted
DRF00667,Control-67,True,EMERGENCY_CHANGE_NOT_REVERTED,MEDIUM,Policy violation: Emergency Change Not Reverted
DRF00858,Control-69,False,NORMAL_CHANGE,NONE,Authorized change within baseline parameters
DRF00978,Control-21,True,EMERGENCY_CHANGE_NOT_REVERTED,MEDIUM,Policy violation: Emergency Change Not Reverted
DRF00892,Control-7,False,NORMAL_CHANGE,NONE,Authorized change within baseline parameters
DRF00964,Control-81,True,ENCRYPTION_DOWNGRADE,CRITICAL,Security-critical config drift: Encryption Downgrade
DRF00517,Control-74,False,NORMAL_CHANGE,NONE,Authorized change within baseline parameters
DRF00745,Control-21,True,ACCESS_BROADENED,HIGH,Security-critical config drift: Access Broadened
DRF00506,Control-78,False,NORMAL_CHANGE,NONE,Authorized change within baseline parameters
DRF00591,Control-10,True,COMPLIANCE_VIOLATION,HIGH,Security-critical config drift: Compliance Violation
DRF00608,Control-63,False,NORMAL_CHANGE,NONE,Authorized change within baseline parameters
DRF00807,Control-18,True,EMERGENCY_CHANGE_NOT_REVERTED,MEDIUM,Policy violation: Emergency Change Not Reverted
DRF00634,Control-48,True,UNAPPROVED_CHANGE,MEDIUM,Policy violation: Unapproved Change
DRF00942,Control-36,True,UNAPPROVED_CHANGE,MEDIUM,Policy violation: Unapproved Change
DRF00650,Control-90,True,LOGGING_DISABLED,CRITICAL,Security-critical config drift: Logging Disabled
DRF00775,Control-19,True,UNAPPROVED_CHANGE,MEDIUM,Policy violation: Unapproved Change
DRF00055,Control-38,True,HIGH_SEVERITY_DRIFT,HIGH,High severity control drifted from baseline
DRF00330,Control-12,False,NORMAL_CHANGE,NONE,Authorized change within baseline parameters
DRF00027,Control-39,False,NORMAL_CHANGE,NONE,Authorized change within baseline parameters
DRF00245,Control-74,False,NORMAL_CHANGE,NONE,Authorized change within baseline parameters
DRF00063,Control-43,True,UNAPPROVED_CHANGE,MEDIUM,Policy violation: Unapproved Change
DRF00336,Control-84,True,LOGGING_DISABLED,CRITICAL,Security-critical config drift: Logging Disabled
DRF00304,Control-72,False,NORMAL_CHANGE,NONE,Authorized change within baseline parameters
DRF00110,Control-70,False,NORMAL_CHANGE,NONE,Authorized change within baseline parameters
DRF00344,Control-47,False,NORMAL_CHANGE,NONE,Authorized change within baseline parameters
DRF00178,Control-87,True,COMPLIANCE_VIOLATION,HIGH,Security-critical config drift: Compliance Violation
DRF00284,Control-15,True,UNAPPROVED_CHANGE,MEDIUM,Policy violation: Unapproved Change
DRF00070,Control-72,True,EMERGENCY_CHANGE_NOT_REVERTED,MEDIUM,Policy violation: Emergency Change Not Reverted
DRF00462,Control-53,False,NORMAL_CHANGE,NONE,Authorized change within baseline parameters
DRF00408,Control-1,True,LOGGING_DISABLED,CRITICAL,Security-critical config drift: Logging Disabled
DRF00433,Control-23,False,NORMAL_CHANGE,NONE,Authorized change within baseline parameters
DRF00046,Control-30,False,NORMAL_CHANGE,NONE,Authorized change within baseline parameters
DRF00411,Control-30,False,NORMAL_CHANGE,NONE,Authorized change within baseline parameters
DRF00222,Control-57,False,NORMAL_CHANGE,NONE,Authorized change within baseline parameters
DRF00360,Control-22,False,NORMAL_CHANGE,NONE,Authorized change within baseline parameters
DRF00334,Control-71,False,NORMAL_CHANGE,NONE,Authorized change within baseline parameters
DRF00316,Control-18,False,NORMAL_CHANGE,NONE,Authorized change within baseline parameters
DRF00080,Control-80,False,NORMAL_CHANGE,NONE,Authorized change within baseline parameters
DRF00482,Control-69,False,NORMAL_CHANGE,NONE,Authorized change within baseline parameters
DRF00064,Control-1,True,HIGH_SEVERITY_DRIFT,HIGH,High severity control drifted from baseline
DRF00339,Control-72,True,UNAPPROVED_CHANGE,MEDIUM,Policy violation: Unapproved Change
DRF00049,Control-63,True,COMPLIANCE_VIOLATION,HIGH,Security-critical config drift: Compliance Violation
DRF00042,Control-49,False,NORMAL_CHANGE,NONE,Authorized change within baseline parameters
DRF00151,Control-27,False,NORMAL_CHANGE,NONE,Authorized change within baseline parameters
DRF00291,Control-22,False,NORMAL_CHANGE,NONE,Authorized change within baseline parameters
DRF00120,Control-48,False,NORMAL_CHANGE,NONE,Authorized change within baseline parameters
DRF00430,Control-87,True,HIGH_SEVERITY_DRIFT,HIGH,High severity control drifted from baseline
DRF00174,Control-34,False,NORMAL_CHANGE,NONE,Authorized change within baseline parameters
DRF00386,Control-41,True,HIGH_SEVERITY_DRIFT,CRITICAL,Critical severity control drifted from baseline
DRF00379,Control-22,False,NORMAL_CHANGE,NONE,Authorized change within baseline parameters
DRF00400,Control-68,True,UNAPPROVED_CHANGE,MEDIUM,Policy violation: Unapproved Change
DRF00175,Control-34,False,NORMAL_CHANGE,NONE,Authorized change within baseline parameters
DRF00016,Control-89,False,NORMAL_CHANGE,NONE,Authorized change within baseline parameters
DRF00407,Control-93,True,UNAPPROVED_CHANGE,MEDIUM,Policy violation: Unapproved Change
DRF00157,Control-76,True,EMERGENCY_CHANGE_NOT_REVERTED,MEDIUM,Policy violation: Emergency Change Not Reverted
DRF00365,Control-54,False,NORMAL_CHANGE,NONE,Authorized change within baseline parameters
DRF00390,Control-97,True,EMERGENCY_CHANGE_NOT_REVERTED,MEDIUM,Policy violation: Emergency Change Not Reverted
DRF00052,Control-6,True,EMERGENCY_CHANGE_NOT_REVERTED,MEDIUM,Policy violation: Emergency Change Not Reverted
DRF00058,Control-26,False,NORMAL_CHANGE,NONE,Authorized change within baseline parameters
DRF00288,Control-99,False,NORMAL_CHANGE,NONE,Authorized change within baseline parameters
DRF00299,Control-97,False,NORMAL_CHANGE,NONE,Authorized change within baseline parameters
DRF00489,Control-33,True,HIGH_SEVERITY_DRIFT,HIGH,High severity control drifted from baseline
DRF00467,Control-20,True,HIGH_SEVERITY_DRIFT,HIGH,High severity control drifted from baseline
DRF00359,Control-92,False,NORMAL_CHANGE,NONE,Authorized change within baseline parameters
DRF00458,Control-94,False,NORMAL_CHANGE,NONE,Authorized change within baseline parameters
DRF00182,Control-8,True,LOGGING_DISABLED,CRITICAL,Security-critical config drift: Logging Disabled
DRF00154,Control-34,True,LOGGING_DISABLED,CRITICAL,Security-critical config drift: Logging Disabled
DRF00203,Control-22,False,NORMAL_CHANGE,NONE,Authorized change within baseline parameters
DRF00013,Control-59,True,UNAPPROVED_CHANGE,MEDIUM,Policy violation: Unapproved Change
DRF00443,Control-35,False,NORMAL_CHANGE,NONE,Authorized change within baseline parameters
DRF00170,Control-3,False,NORMAL_CHANGE,NONE,Authorized change within baseline parameters
DRF00098,Control-84,False,NORMAL_CHANGE,NONE,Authorized change within baseline parameters
DRF00355,Control-56,False,NORMAL_CHANGE,NONE,Authorized change within baseline parameters
DRF00342,Control-54,True,LOGGING_DISABLED,CRITICAL,Security-critical config drift: Logging Disabled
DRF00307,Control-17,True,LOGGING_DISABLED,CRITICAL,Security-critical config drift: Logging Disabled
DRF00324,Control-9,False,NORMAL_CHANGE,NONE,Authorized change within baseline parameters
DRF00280,Control-20,False,NORMAL_CHANGE,NONE,Authorized change within baseline parameters
DRF00340,Control-78,False,NORMAL_CHANGE,NONE,Authorized change within baseline parameters
DRF00191,Control-62,True,EMERGENCY_CHANGE_NOT_REVERTED,MEDIUM,Policy violation: Emergency Change Not Reverted
DRF00045,Control-14,False,NORMAL_CHANGE,NONE,Authorized change within baseline parameters
DRF00332,Control-88,False,NORMAL_CHANGE,NONE,Authorized change within baseline parameters
DRF00389,Control-96,False,NORMAL_CHANGE,NONE,Authorized change within baseline parameters
DRF00441,Control-17,True,COMPLIANCE_VIOLATION,HIGH,Security-critical config drift: Compliance Violation
DRF00466,Control-42,True,COMPLIANCE_VIOLATION,HIGH,Security-critical config drift: Compliance Violation
DRF00219,Control-51,False,NORMAL_CHANGE,NONE,Authorized change within baseline parameters
DRF00325,Control-95,False,NORMAL_CHANGE,NONE,Authorized change within baseline parameters
DRF00358,Control-55,True,LOGGING_DISABLED,CRITICAL,Security-critical config drift: Logging Disabled
DRF00177,Control-97,False,NORMAL_CHANGE,NONE,Authorized change within baseline parameters
DRF00103,Control-26,True,EMERGENCY_CHANGE_NOT_REVERTED,MEDIUM,Policy violation: Emergency Change Not Reverted
DRF00091,Control-40,False,NORMAL_CHANGE,NONE,Authorized change within baseline parameters
DRF00440,Control-4,True,COMPLIANCE_VIOLATION,HIGH,Security-critical config drift: Compliance Violation
DRF00231,Control-19,False,NORMAL_CHANGE,NONE,Authorized change within baseline parameters
DRF00439,Control-17,False,NORMAL_CHANGE,NONE,Authorized change within baseline parameters
DRF00090,Control-5,True,LOGGING_DISABLED,CRITICAL,Security-critical config drift: Logging Disabled
DRF00075,Control-86,True,ENCRYPTION_DOWNGRADE,CRITICAL,Security-critical config drift: Encryption Downgrade
DRF00328,Control-12,False,NORMAL_CHANGE,NONE,Authorized change within baseline parameters
DRF00144,Control-8,False,NORMAL_CHANGE,NONE,Authorized change within baseline parameters
DRF00201,Control-75,True,ACCESS_BROADENED,HIGH,Security-critical config drift: Access Broadened
DRF00460,Control-50,True,LOGGING_DISABLED,CRITICAL,Security-critical config drift: Logging Disabled
DRF00497,Control-10,True,EMERGENCY_CHANGE_NOT_REVERTED,MEDIUM,Policy violation: Emergency Change Not Reverted
DRF00057,Control-76,False,NORMAL_CHANGE,NONE,Authorized change within baseline parameters
DRF00318,Control-86,True,EMERGENCY_CHANGE_NOT_REVERTED,MEDIUM,Policy violation: Emergency Change Not Reverted
DRF00277,Control-20,True,LOGGING_DISABLED,CRITICAL,Security-critical config drift: Logging Disabled
DRF00262,Control-65,False,NORMAL_CHANGE,NONE,Authorized change within baseline parameters
DRF00004,Control-14,False,NORMAL_CHANGE,NONE,Authorized change within baseline parameters
DRF00073,Control-59,False,NORMAL_CHANGE,NONE,Authorized change within baseline parameters
DRF00393,Control-42,False,NORMAL_CHANGE,NONE,Authorized change within baseline parameters
DRF00166,Control-51,False,NORMAL_CHANGE,NONE,Authorized change within baseline parameters
DRF00043,Control-17,False,NORMAL_CHANGE,NONE,Authorized change within baseline parameters
DRF00490,Control-11,True,EMERGENCY_CHANGE_NOT_REVERTED,MEDIUM,Policy violation: Emergency Change Not Reverted
DRF00065,Control-74,True,HIGH_SEVERITY_DRIFT,HIGH,High severity control drifted from baseline
DRF00031,Control-99,False,NORMAL_CHANGE,NONE,Authorized change within baseline parameters
DRF00261,Control-78,True,ACCESS_BROADENED,HIGH,Security-critical config drift: Access Broadened
DRF00431,Control-63,True,ENCRYPTION_DOWNGRADE,CRITICAL,Security-critical config drift: Encryption Downgrade
DRF00129,Control-70,True,ACCESS_BROADENED,HIGH,Security-critical config drift: Access Broadened
DRF00078,Control-73,False,NORMAL_CHANGE,NONE,Authorized change within baseline parameters
DRF00251,Control-19,False,NORMAL_CHANGE,NONE,Authorized change within baseline parameters
DRF00139,Control-9,False,NORMAL_CHANGE,NONE,Authorized change within baseline parameters
DRF00000,Control-83,False,NORMAL_CHANGE,NONE,Authorized change within baseline parameters
DRF00242,Control-16,True,ACCESS_BROADENED,HIGH,Security-critical config drift: Access Broadened
DRF00044,Control-34,True,ENCRYPTION_DOWNGRADE,CRITICAL,Security-critical config drift: Encryption Downgrade
DRF00341,Control-47,False,NORMAL_CHANGE,NONE,Authorized change within baseline parameters
DRF00130,Control-44,False,NORMAL_CHANGE,NONE,Authorized change within baseline parameters
DRF00145,Control-1,True,ACCESS_BROADENED,HIGH,Security-critical config drift: Access Broadened
DRF00202,Control-81,False,NORMAL_CHANGE,NONE,Authorized change within baseline parameters
DRF00403,Control-19,False,NORMAL_CHANGE,NONE,Authorized change within baseline parameters
DRF00246,Control-98,True,ENCRYPTION_DOWNGRADE,CRITICAL,Security-critical config drift: Encryption Downgrade
DRF00444,Control-41,True,COMPLIANCE_VIOLATION,HIGH,Security-critical config drift: Compliance Violation
DRF00221,Control-25,True,ENCRYPTION_DOWNGRADE,CRITICAL,Security-critical config drift: Encryption Downgrade
DRF00461,Control-36,True,UNAPPROVED_CHANGE,MEDIUM,Policy violation: Unapproved Change
DRF00053,Control-94,True,UNAPPROVED_CHANGE,MEDIUM,Policy violation: Unapproved Change
DRF00309,Control-18,False,NORMAL_CHANGE,NONE,Authorized change within baseline parameters
DRF00474,Control-5,False,NORMAL_CHANGE,NONE,Authorized change within baseline parameters
DRF00188,Control-46,True,ACCESS_BROADENED,HIGH,Security-critical config drift: Access Broadened
DRF00406,Control-81,True,UNAPPROVED_CHANGE,MEDIUM,Policy violation: Unapproved Change
DRF00356,Control-18,True,HIGH_SEVERITY_DRIFT,CRITICAL,Critical severity control drifted from baseline
DRF00197,Control-13,True,LOGGING_DISABLED,CRITICAL,Security-critical config drift: Logging Disabled
DRF00418,Control-71,False,NORMAL_CHANGE,NONE,Authorized change within baseline parameters
DRF00412,Control-82,False,NORMAL_CHANGE,NONE,Authorized change within baseline parameters
DRF00244,Control-84,False,NORMAL_CHANGE,NONE,Authorized change within baseline parameters
DRF00095,Control-12,True,LOGGING_DISABLED,CRITICAL,Security-critical config drift: Logging Disabled
DRF00257,Control-27,False,NORMAL_CHANGE,NONE,Authorized change within baseline parameters
DRF00122,Control-86,False,NORMAL_CHANGE,NONE,Authorized change within baseline parameters
DRF00228,Control-45,False,NORMAL_CHANGE,NONE,Authorized change within baseline parameters
DRF00423,Control-86,False,NORMAL_CHANGE,NONE,Authorized change within baseline parameters
DRF00354,Control-67,True,EMERGENCY_CHANGE_NOT_REVERTED,MEDIUM,Policy violation: Emergency Change Not Reverted
DRF00117,Control-70,False,NORMAL_CHANGE,NONE,Authorized change within baseline parameters
DRF00207,Control-56,False,NORMAL_CHANGE,NONE,Authorized change within baseline parameters
DRF00499,Control-81,True,EMERGENCY_CHANGE_NOT_REVERTED,MEDIUM,Policy violation: Emergency Change Not Reverted
DRF00305,Control-51,False,NORMAL_CHANGE,NONE,Authorized change within baseline parameters
DRF00022,Control-16,True,COMPLIANCE_VIOLATION,HIGH,Security-critical config drift: Compliance Violation
DRF00153,Control-96,True,ACCESS_BROADENED,HIGH,Security-critical config drift: Access Broadened
DRF00286,Control-40,False,NORMAL_CHANGE,NONE,Authorized change within baseline parameters
DRF00436,Control-76,False,NORMAL_CHANGE,NONE,Authorized change within baseline parameters
DRF00449,Control-11,False,NORMAL_CHANGE,NONE,Authorized change within baseline parameters
DRF00160,Control-21,True,LOGGING_DISABLED,CRITICAL,Security-critical config drift: Logging Disabled
DRF00494,Control-49,False,NORMAL_CHANGE,NONE,Authorized change within baseline parameters
DRF00273,Control-21,True,EMERGENCY_CHANGE_NOT_REVERTED,MEDIUM,Policy violation: Emergency Change Not Reverted
DRF00427,Control-33,True,ENCRYPTION_DOWNGRADE,CRITICAL,Security-critical config drift: Encryption Downgrade
DRF00152,Control-30,True,EMERGENCY_CHANGE_NOT_REVERTED,MEDIUM,Policy violation: Emergency Change Not Reverted
DRF00493,Control-25,False,NORMAL_CHANGE,NONE,Authorized change within baseline parameters
DRF00252,Control-69,True,COMPLIANCE_VIOLATION,HIGH,Security-critical config drift: Compliance Violation
DRF00320,Control-63,True,COMPLIANCE_VIOLATION,HIGH,Security-critical config drift: Compliance Violation
DRF00473,Control-50,False,NORMAL_CHANGE,NONE,Authorized change within baseline parameters
DRF00469,Control-68,False,NORMAL_CHANGE,NONE,Authorized change within baseline parameters
DRF00141,Control-79,True,HIGH_SEVERITY_DRIFT,HIGH,High severity control drifted from baseline
DRF00271,Control-62,False,NORMAL_CHANGE,NONE,Authorized change within baseline parameters
DRF00371,Control-88,True,HIGH_SEVERITY_DRIFT,HIGH,High severity control drifted from baseline
DRF00032,Control-89,False,NORMAL_CHANGE,NONE,Authorized change within baseline parameters
DRF00391,Control-97,False,NORMAL_CHANGE,NONE,Authorized change within baseline parameters
DRF00086,Control-70,True,UNAPPROVED_CHANGE,MEDIUM,Policy violation: Unapproved Change
DRF00124,Control-84,True,UNAPPROVED_CHANGE,MEDIUM,Policy violation: Unapproved Change
DRF00268,Control-36,True,LOGGING_DISABLED,CRITICAL,Security-critical config drift: Logging Disabled
DRF00451,Control-76,False,NORMAL_CHANGE,NONE,Authorized change within baseline parameters
DRF00161,Control-31,True,LOGGING_DISABLED,CRITICAL,Security-critical config drift: Logging Disabled
DRF00094,Control-35,True,EMERGENCY_CHANGE_NOT_REVERTED,MEDIUM,Policy violation: Emergency Change Not Reverted
DRF00005,Control-41,False,NORMAL_CHANGE,NONE,Authorized change within baseline parameters
DRF00212,Control-55,False,NORMAL_CHANGE,NONE,Authorized change within baseline parameters
DRF00119,Control-33,False,NORMAL_CHANGE,NONE,Authorized change within baseline parameters
DRF00126,Control-89,False,NORMAL_CHANGE,NONE,Authorized change within baseline parameters
DRF00483,Control-2,True,LOGGING_DISABLED,CRITICAL,Security-critical config drift: Logging Disabled
DRF00351,Control-68,True,ACCESS_BROADENED,HIGH,Security-critical config drift: Access Broadened
DRF00218,Control-34,True,LOGGING_DISABLED,CRITICAL,Security-critical config drift: Logging Disabled
DRF00382,Control-28,False,NORMAL_CHANGE,NONE,Authorized change within baseline parameters
DRF00248,Control-2,True,UNAPPROVED_CHANGE,MEDIUM,Policy violation: Unapproved Change
DRF00195,Control-45,False,NORMAL_CHANGE,NONE,Authorized change within baseline parameters
DRF00034,Control-5,True,ENCRYPTION_DOWNGRADE,CRITICAL,Security-critical config drift: Encryption Downgrade
DRF00301,Control-15,False,NORMAL_CHANGE,NONE,Authorized change within baseline parameters
DRF00476,Control-22,False,NORMAL_CHANGE,NONE,Authorized change within baseline parameters
DRF00311,Control-37,False,NORMAL_CHANGE,NONE,Authorized change within baseline parameters
DRF00337,Control-1,False,NORMAL_CHANGE,NONE,Authorized change within baseline parameters
DRF00105,Control-3,False,NORMAL_CHANGE,NONE,Authorized change within baseline parameters
DRF00464,Control-51,False,NORMAL_CHANGE,NONE,Authorized change within baseline parameters
DRF00028,Control-69,False,NORMAL_CHANGE,NONE,Authorized change within baseline parameters
DRF00453,Control-46,False,NORMAL_CHANGE,NONE,Authorized change within baseline parameters
DRF00292,Control-23,True,ACCESS_BROADENED,HIGH,Security-critical config drift: Access Broadened
DRF00131,Control-77,False,NORMAL_CHANGE,NONE,Authorized change within baseline parameters
DRF00343,Control-29,True,COMPLIANCE_VIOLATION,HIGH,Security-critical config drift: Compliance Violation
DRF00437,Control-5,True,ENCRYPTION_DOWNGRADE,CRITICAL,Security-critical config drift: Encryption Downgrade
DRF00429,Control-65,True,LOGGING_DISABLED,CRITICAL,Security-critical config drift: Logging Disabled
DRF00395,Control-62,True,LOGGING_DISABLED,CRITICAL,Security-critical config drift: Logging Disabled
DRF00485,Control-76,False,NORMAL_CHANGE,NONE,Authorized change within baseline parameters
DRF00387,Control-1,True,ACCESS_BROADENED,HIGH,Security-critical config drift: Access Broadened
DRF00370,Control-25,True,ENCRYPTION_DOWNGRADE,CRITICAL,Security-critical config drift: Encryption Downgrade
DRF00184,Control-72,False,NORMAL_CHANGE,NONE,Authorized change within baseline parameters
DRF00236,Control-16,True,HIGH_SEVERITY_DRIFT,CRITICAL,Critical severity control drifted from baseline
DRF00383,Control-43,True,EMERGENCY_CHANGE_NOT_REVERTED,MEDIUM,Policy violation: Emergency Change Not Reverted
DRF00088,Control-49,False,NORMAL_CHANGE,NONE,Authorized change within baseline parameters
DRF00254,Control-82,False,NORMAL_CHANGE,NONE,Authorized change within baseline parameters
DRF00217,Control-43,True,EMERGENCY_CHANGE_NOT_REVERTED,MEDIUM,Policy violation: Emergency Change Not Reverted
DRF00209,Control-22,False,NORMAL_CHANGE,NONE,Authorized change within baseline parameters
DRF00100,Control-3,False,NORMAL_CHANGE,NONE,Authorized change within baseline parameters
DRF00471,Control-58,True,UNAPPROVED_CHANGE,MEDIUM,Policy violation: Unapproved Change
DRF00059,Control-51,False,NORMAL_CHANGE,NONE,Authorized change within baseline parameters
DRF00180,Control-78,True,ACCESS_BROADENED,HIGH,Security-critical config drift: Access Broadened
DRF00404,Control-15,False,NORMAL_CHANGE,NONE,Authorized change within baseline parameters
DRF00192,Control-30,False,NORMAL_CHANGE,NONE,Authorized change within baseline parameters
DRF00472,Control-30,True,ENCRYPTION_DOWNGRADE,CRITICAL,Security-critical config drift: Encryption Downgrade
DRF00283,Control-49,False,NORMAL_CHANGE,NONE,Authorized change within baseline parameters
DRF00033,Control-16,False,NORMAL_CHANGE,NONE,Authorized change within baseline parameters
DRF00410,Control-26,True,ENCRYPTION_DOWNGRADE,CRITICAL,Security-critical config drift: Encryption Downgrade
DRF00294,Control-95,False,NORMAL_CHANGE,NONE,Authorized change within baseline parameters
DRF00140,Control-38,False,NORMAL_CHANGE,NONE,Authorized change within baseline parameters
DRF00322,Control-21,True,ENCRYPTION_DOWNGRADE,CRITICAL,Security-critical config drift: Encryption Downgrade
DRF00102,Control-76,True,LOGGING_DISABLED,CRITICAL,Security-critical config drift: Logging Disabled
DRF00146,Control-5,True,EMERGENCY_CHANGE_NOT_REVERTED,MEDIUM,Policy violation: Emergency Change Not Reverted
DRF00374,Control-21,False,NORMAL_CHANGE,NONE,Authorized change within baseline parameters
DRF00054,Control-66,False,NORMAL_CHANGE,NONE,Authorized change within baseline parameters
DRF00149,Control-21,False,NORMAL_CHANGE,NONE,Authorized change within baseline parameters
DRF00376,Control-37,False,NORMAL_CHANGE,NONE,Authorized change within baseline parameters
DRF00115,Control-85,True,ENCRYPTION_DOWNGRADE,CRITICAL,Security-critical config drift: Encryption Downgrade
DRF00014,Control-94,False,NORMAL_CHANGE,NONE,Authorized change within baseline parameters
DRF00327,Control-97,True,LOGGING_DISABLED,CRITICAL,Security-critical config drift: Logging Disabled
DRF00147,Control-68,True,UNAPPROVED_CHANGE,MEDIUM,Policy violation: Unapproved Change
DRF00415,Control-7,False,NORMAL_CHANGE,NONE,Authorized change within baseline parameters
DRF00345,Control-52,False,NORMAL_CHANGE,NONE,Authorized change within baseline parameters
DRF00346,Control-35,False,NORMAL_CHANGE,NONE,Authorized change within baseline parameters
DRF00159,Control-94,True,ACCESS_BROADENED,HIGH,Security-critical config drift: Access Broadened
DRF00285,Control-96,True,EMERGENCY_CHANGE_NOT_REVERTED,MEDIUM,Policy violation: Emergency Change Not Reverted
DRF00398,Control-49,True,ACCESS_BROADENED,HIGH,Security-critical config drift: Access Broadened
DRF00164,Control-89,False,NORMAL_CHANGE,NONE,Authorized change within baseline parameters
DRF00023,Control-15,True,COMPLIANCE_VIOLATION,HIGH,Security-critical config drift: Compliance Violation
DRF00186,Control-54,True,ENCRYPTION_DOWNGRADE,CRITICAL,Security-critical config drift: Encryption Downgrade
DRF00297,Control-63,True,ENCRYPTION_DOWNGRADE,CRITICAL,Security-critical config drift: Encryption Downgrade
DRF00067,Control-49,True,UNAPPROVED_CHANGE,MEDIUM,Policy violation: Unapproved Change
DRF00237,Control-21,True,LOGGING_DISABLED,CRITICAL,Security-critical config drift: Logging Disabled
DRF00204,Control-8,False,NORMAL_CHANGE,NONE,Authorized change within baseline parameters
DRF00492,Control-14,True,ENCRYPTION_DOWNGRADE,CRITICAL,Security-critical config drift: Encryption Downgrade
DRF00321,Control-30,False,NORMAL_CHANGE,NONE,Authorized change within baseline parameters
DRF00239,Control-64,False,NORMAL_CHANGE,NONE,Authorized change within baseline parameters
DRF00470,Control-82,False,NORMAL_CHANGE,NONE,Authorized change within baseline parameters
DRF00024,Control-40,False,NORMAL_CHANGE,NONE,Authorized change within baseline parameters
DRF00003,Control-36,True,LOGGING_DISABLED,CRITICAL,Security-critical config drift: Logging Disabled
DRF00347,Control-31,False,NORMAL_CHANGE,NONE,Authorized change within baseline parameters
DRF00158,Control-45,False,NORMAL_CHANGE,NONE,Authorized change within baseline parameters
DRF00216,Control-46,False,NORMAL_CHANGE,NONE,Authorized change within baseline parameters
DRF00019,Control-99,False,NORMAL_CHANGE,NONE,Authorized change within baseline parameters
DRF00303,Control-88,False,NORMAL_CHANGE,NONE,Authorized change within baseline parameters
DRF00150,Control-7,True,HIGH_SEVERITY_DRIFT,HIGH,High severity control drifted from baseline
DRF00135,Control-30,True,ENCRYPTION_DOWNGRADE,CRITICAL,Security-critical config drift: Encryption Downgrade
DRF00106,Control-55,True,EMERGENCY_CHANGE_NOT_REVERTED,MEDIUM,Policy violation: Emergency Change Not Reverted
DRF00085,Control-68,True,COMPLIANCE_VIOLATION,HIGH,Security-critical config drift: Compliance Violation
DRF00111,Control-10,True,ACCESS_BROADENED,HIGH,Security-critical config drift: Access Broadened
DRF00282,Control-56,False,NORMAL_CHANGE,NONE,Authorized change within baseline parameters
DRF00425,Control-68,True,UNAPPROVED_CHANGE,MEDIUM,Policy violation: Unapproved Change
DRF00463,Control-39,False,NORMAL_CHANGE,NONE,Authorized change within baseline parameters
DRF00361,Control-96,False,NORMAL_CHANGE,NONE,Authorized change within baseline parameters
DRF00226,Control-66,False,NORMAL_CHANGE,NONE,Authorized change within baseline parameters
DRF00278,Control-25,False,NORMAL_CHANGE,NONE,Authorized change within baseline parameters
DRF00128,Control-39,False,NORMAL_CHANGE,NONE,Authorized change within baseline parameters
DRF00421,Control-90,True,HIGH_SEVERITY_DRIFT,CRITICAL,Critical severity control drifted from baseline
DRF00368,Control-61,False,NORMAL_CHANGE,NONE,Authorized change within baseline parameters
DRF00040,Control-63,True,ACCESS_BROADENED,HIGH,Security-critical config drift: Access Broadened
DRF00455,Control-80,True,HIGH_SEVERITY_DRIFT,HIGH,High severity control drifted from baseline
DRF00247,Control-19,True,UNAPPROVED_CHANGE,MEDIUM,Policy violation: Unapproved Change
DRF00420,Control-79,True,ENCRYPTION_DOWNGRADE,CRITICAL,Security-critical config drift: Encryption Downgrade
DRF00281,Control-20,False,NORMAL_CHANGE,NONE,Authorized change within baseline parameters
DRF00185,Control-48,False,NORMAL_CHANGE,NONE,Authorized change within baseline parameters
DRF00234,Control-85,True,COMPLIANCE_VIOLATION,HIGH,Security-critical config drift: Compliance Violation
DRF00402,Control-78,False,NORMAL_CHANGE,NONE,Authorized change within baseline parameters
DRF00422,Control-98,True,ACCESS_BROADENED,HIGH,Security-critical config drift: Access Broadened
DRF00193,Control-28,False,NORMAL_CHANGE,NONE,Authorized change within baseline parameters
DRF00338,Control-19,True,HIGH_SEVERITY_DRIFT,HIGH,High severity control drifted from baseline
DRF00190,Control-84,False,NORMAL_CHANGE,NONE,Authorized change within baseline parameters
DRF00037,Control-77,False,NORMAL_CHANGE,NONE,Authorized change within baseline parameters
DRF00051,Control-90,True,COMPLIANCE_VIOLATION,HIGH,Security-critical config drift: Compliance Violation
DRF00084,Control-62,True,EMERGENCY_CHANGE_NOT_REVERTED,MEDIUM,Policy violation: Emergency Change Not Reverted
DRF00475,Control-48,False,NORMAL_CHANGE,NONE,Authorized change within baseline parameters
DRF00256,Control-5,True,EMERGENCY_CHANGE_NOT_REVERTED,MEDIUM,Policy violation: Emergency Change Not Reverted
DRF00290,Control-72,False,NORMAL_CHANGE,NONE,Authorized change within baseline parameters
DRF00227,Control-92,True,EMERGENCY_CHANGE_NOT_REVERTED,MEDIUM,Policy violation: Emergency Change Not Reverted
DRF00113,Control-29,False,NORMAL_CHANGE,NONE,Authorized change within baseline parameters
DRF00446,Control-95,False,NORMAL_CHANGE,NONE,Authorized change within baseline parameters
DRF00196,Control-35,False,NORMAL_CHANGE,NONE,Authorized change within baseline parameters
DRF00199,Control-8,False,NORMAL_CHANGE,NONE,Authorized change within baseline parameters
DRF00215,Control-28,False,NORMAL_CHANGE,NONE,Authorized change within baseline parameters
DRF00253,Control-77,False,NORMAL_CHANGE,NONE,Authorized change within baseline parameters
DRF00108,Control-66,True,ENCRYPTION_DOWNGRADE,CRITICAL,Security-critical config drift: Encryption Downgrade
DRF00036,Control-61,True,ACCESS_BROADENED,HIGH,Security-critical config drift: Access Broadened
DRF00142,Control-60,True,LOGGING_DISABLED,CRITICAL,Security-critical config drift: Logging Disabled
DRF00298,Control-52,False,NORMAL_CHANGE,NONE,Authorized change within baseline parameters
DRF00123,Control-2,False,NORMAL_CHANGE,NONE,Authorized change within baseline parameters
DRF00498,Control-18,True,ENCRYPTION_DOWNGRADE,CRITICAL,Security-critical config drift: Encryption Downgrade
DRF00229,Control-90,True,ACCESS_BROADENED,HIGH,Security-critical config drift: Access Broadened
DRF00435,Control-38,True,ENCRYPTION_DOWNGRADE,CRITICAL,Security-critical config drift: Encryption Downgrade
DRF00306,Control-89,True,UNAPPROVED_CHANGE,MEDIUM,Policy violation: Unapproved Change
DRF00438,Control-45,True,COMPLIANCE_VIOLATION,HIGH,Security-critical config drift: Compliance Violation
DRF00021,Control-48,True,COMPLIANCE_VIOLATION,HIGH,Security-critical config drift: Compliance Violation
DRF00020,Control-25,True,ENCRYPTION_DOWNGRADE,CRITICAL,Security-critical config drift: Encryption Downgrade
DRF00017,Control-48,False,NORMAL_CHANGE,NONE,Authorized change within baseline parameters
DRF00333,Control-20,False,NORMAL_CHANGE,NONE,Authorized change within baseline parameters
DRF00001,Control-89,True,COMPLIANCE_VIOLATION,HIGH,Security-critical config drift: Compliance Violation
DRF00012,Control-55,False,NORMAL_CHANGE,NONE,Authorized change within baseline parameters
DRF00276,Control-58,True,ACCESS_BROADENED,HIGH,Security-critical config drift: Access Broadened
DRF00314,Control-15,False,NORMAL_CHANGE,NONE,Authorized change within baseline parameters
DRF00093,Control-39,True,COMPLIANCE_VIOLATION,HIGH,Security-critical config drift: Compliance Violation
DRF00138,Control-2,True,COMPLIANCE_VIOLATION,HIGH,Security-critical config drift: Compliance Violation
DRF00015,Control-9,False,NORMAL_CHANGE,NONE,Authorized change within baseline parameters
DRF00468,Control-32,True,ENCRYPTION_DOWNGRADE,CRITICAL,Security-critical config drift: Encryption Downgrade
DRF00061,Control-88,True,EMERGENCY_CHANGE_NOT_REVERTED,MEDIUM,Policy violation: Emergency Change Not Reverted
DRF00454,Control-93,False,NORMAL_CHANGE,NONE,Authorized change within baseline parameters
DRF00132,Control-5,True,UNAPPROVED_CHANGE,MEDIUM,Policy violation: Unapproved Change
DRF00068,Control-93,True,EMERGENCY_CHANGE_NOT_REVERTED,MEDIUM,Policy violation: Emergency Change Not Reverted
DRF00097,Control-32,False,NORMAL_CHANGE,NONE,Authorized change within baseline parameters
DRF00350,Control-15,True,COMPLIANCE_VIOLATION,HIGH,Security-critical config drift: Compliance Violation
DRF00069,Control-32,True,ACCESS_BROADENED,HIGH,Security-critical config drift: Access Broadened
DRF00265,Control-41,True,ENCRYPTION_DOWNGRADE,CRITICAL,Security-critical config drift: Encryption Downgrade
DRF00264,Control-32,False,NORMAL_CHANGE,NONE,Authorized change within baseline parameters
DRF00450,Control-25,False,NORMAL_CHANGE,NONE,Authorized change within baseline parameters
DRF00009,Control-44,True,HIGH_SEVERITY_DRIFT,HIGH,High severity control drifted from baseline
DRF00220,Control-87,False,NORMAL_CHANGE,NONE,Authorized change within baseline parameters
DRF00189,Control-97,False,NORMAL_CHANGE,NONE,Authorized change within baseline parameters
DRF00401,Control-40,False,NORMAL_CHANGE,NONE,Authorized change within baseline parameters
DRF00459,Control-81,True,ACCESS_BROADENED,HIGH,Security-critical config drift: Access Broadened
DRF00112,Control-47,True,EMERGENCY_CHANGE_NOT_REVERTED,MEDIUM,Policy violation: Emergency Change Not Reverted
DRF00317,Control-74,True,LOGGING_DISABLED,CRITICAL,Security-critical config drift: Logging Disabled
DRF00249,Control-45,False,NORMAL_CHANGE,NONE,Authorized change within baseline parameters
DRF00223,Control-96,False,NORMAL_CHANGE,NONE,Authorized change within baseline parameters
DRF00060,Control-38,False,NORMAL_CHANGE,NONE,Authorized change within baseline parameters
DRF00050,Control-7,True,ACCESS_BROADENED,HIGH,Security-critical config drift: Access Broadened
DRF00263,Control-13,False,NORMAL_CHANGE,NONE,Authorized change within baseline parameters
DRF00134,Control-55,False,NORMAL_CHANGE,NONE,Authorized change within baseline parameters
DRF00210,Control-86,False,NORMAL_CHANGE,NONE,Authorized change within baseline parameters
DRF00155,Control-54,True,EMERGENCY_CHANGE_NOT_REVERTED,MEDIUM,Policy violation: Emergency Change Not Reverted
DRF00109,Control-94,False,NORMAL_CHANGE,NONE,Authorized change within baseline parameters
DRF00076,Control-62,True,HIGH_SEVERITY_DRIFT,HIGH,High severity control drifted from baseline
DRF00062,Control-20,True,EMERGENCY_CHANGE_NOT_REVERTED,MEDIUM,Policy violation: Emergency Change Not Reverted
DRF00030,Control-34,False,NORMAL_CHANGE,NONE,Authorized change within baseline parameters
DRF00388,Control-65,False,NORMAL_CHANGE,NONE,Authorized change within baseline parameters
DRF00413,Control-13,False,NORMAL_CHANGE,NONE,Authorized change within baseline parameters
DRF00213,Control-84,True,EMERGENCY_CHANGE_NOT_REVERTED,MEDIUM,Policy violation: Emergency Change Not Reverted
DRF00477,Control-51,False,NORMAL_CHANGE,NONE,Authorized change within baseline parameters
DRF00041,Control-56,True,HIGH_SEVERITY_DRIFT,CRITICAL,Critical severity control drifted from baseline
DRF00168,Control-72,True,ACCESS_BROADENED,HIGH,Security-critical config drift: Access Broadened
DRF00099,Control-80,True,UNAPPROVED_CHANGE,MEDIUM,Policy violation: Unapproved Change
DRF00165,Control-28,True,ENCRYPTION_DOWNGRADE,CRITICAL,Security-critical config drift: Encryption Downgrade
DRF00480,Control-31,True,COMPLIANCE_VIOLATION,HIGH,Security-critical config drift: Compliance Violation
DRF00312,Control-31,False,NORMAL_CHANGE,NONE,Authorized change within baseline parameters
DRF00331,Control-2,False,NORMAL_CHANGE,NONE,Authorized change within baseline parameters
DRF00349,Control-18,False,NORMAL_CHANGE,NONE,Authorized change within baseline parameters
DRF00364,Control-88,True,LOGGING_DISABLED,CRITICAL,Security-critical config drift: Logging Disabled
DRF00409,Control-70,True,EMERGENCY_CHANGE_NOT_REVERTED,MEDIUM,Policy violation: Emergency Change Not Reverted
DRF00377,Control-78,False,NORMAL_CHANGE,NONE,Authorized change within baseline parameters
DRF00392,Control-58,False,NORMAL_CHANGE,NONE,Authorized change within baseline parameters
DRF00416,Control-91,True,EMERGENCY_CHANGE_NOT_REVERTED,MEDIUM,Policy violation: Emergency Change Not Reverted
DRF00442,Control-99,True,ACCESS_BROADENED,HIGH,Security-critical config drift: Access Broadened
DRF00381,Control-29,False,NORMAL_CHANGE,NONE,Authorized change within baseline parameters
DRF00026,Control-67,False,NORMAL_CHANGE,NONE,Authorized change within baseline parameters
DRF00279,Control-65,True,UNAPPROVED_CHANGE,MEDIUM,Policy violation: Unapproved Change
DRF00048,Control-42,True,UNAPPROVED_CHANGE,MEDIUM,Policy violation: Unapproved Change
DRF00366,Control-96,False,NORMAL_CHANGE,NONE,Authorized change within baseline parameters
DRF00038,Control-75,True,EMERGENCY_CHANGE_NOT_REVERTED,MEDIUM,Policy violation: Emergency Change Not Reverted
DRF00143,Control-64,False,NORMAL_CHANGE,NONE,Authorized change within baseline parameters
DRF00198,Control-68,False,NORMAL_CHANGE,NONE,Authorized change within baseline parameters
DRF00481,Control-21,False,NORMAL_CHANGE,NONE,Authorized change within baseline parameters
DRF00428,Control-80,False,NORMAL_CHANGE,NONE,Authorized change within baseline parameters
DRF00002,Control-18,False,NORMAL_CHANGE,NONE,Authorized change within baseline parameters
DRF00018,Control-28,False,NORMAL_CHANGE,NONE,Authorized change within baseline parameters
DRF00208,Control-57,True,ACCESS_BROADENED,HIGH,Security-critical config drift: Access Broadened
DRF00484,Control-2,True,HIGH_SEVERITY_DRIFT,HIGH,High severity control drifted from baseline
DRF00310,Control-32,False,NORMAL_CHANGE,NONE,Authorized change within baseline parameters
DRF00114,Control-88,False,NORMAL_CHANGE,NONE,Authorized change within baseline parameters
DRF00385,Control-38,True,HIGH_SEVERITY_DRIFT,CRITICAL,Critical severity control drifted from baseline
DRF00167,Control-68,False,NORMAL_CHANGE,NONE,Authorized change within baseline parameters
DRF00183,Control-51,False,NORMAL_CHANGE,NONE,Authorized change within baseline parameters
DRF00087,Control-54,True,HIGH_SEVERITY_DRIFT,HIGH,High severity control drifted from baseline
DRF00118,Control-82,False,NORMAL_CHANGE,NONE,Authorized change within baseline parameters
DRF00323,Control-13,True,HIGH_SEVERITY_DRIFT,HIGH,High severity control drifted from baseline
DRF00397,Control-89,True,ENCRYPTION_DOWNGRADE,CRITICAL,Security-critical config drift: Encryption Downgrade
DRF00171,Control-12,False,NORMAL_CHANGE,NONE,Authorized change within baseline parameters
DRF00187,Control-46,False,NORMAL_CHANGE,NONE,Authorized change within baseline parameters
DRF00179,Control-14,True,HIGH_SEVERITY_DRIFT,CRITICAL,Critical severity control drifted from baseline
DRF00232,Control-46,False,NORMAL_CHANGE,NONE,Authorized change within baseline parameters
DRF00211,Control-34,False,NORMAL_CHANGE,NONE,Authorized change within baseline parameters
DRF00313,Control-93,True,EMERGENCY_CHANGE_NOT_REVERTED,MEDIUM,Policy violation: Emergency Change Not Reverted
DRF00419,Control-25,True,UNAPPROVED_CHANGE,MEDIUM,Policy violation: Unapproved Change
DRF00082,Control-17,False,NORMAL_CHANGE,NONE,Authorized change within baseline parameters
DRF00496,Control-14,True,ENCRYPTION_DOWNGRADE,CRITICAL,Security-critical config drift: Encryption Downgrade
DRF00255,Control-22,False,NORMAL_CHANGE,NONE,Authorized change within baseline parameters
DRF00491,Control-88,True,COMPLIANCE_VIOLATION,HIGH,Security-critical config drift: Compliance Violation
DRF00335,Control-54,False,NORMAL_CHANGE,NONE,Authorized change within baseline parameters
DRF00260,Control-85,False,NORMAL_CHANGE,NONE,Authorized change within baseline parameters
DRF00363,Control-66,False,NORMAL_CHANGE,NONE,Authorized change within baseline parameters
DRF00396,Control-45,True,UNAPPROVED_CHANGE,MEDIUM,Policy violation: Unapproved Change
DRF00293,Control-13,False,NORMAL_CHANGE,NONE,Authorized change within baseline parameters
DRF00116,Control-47,False,NORMAL_CHANGE,NONE,Authorized change within baseline parameters
DRF00296,Control-93,True,ENCRYPTION_DOWNGRADE,CRITICAL,Security-critical config drift: Encryption Downgrade
DRF00066,Control-59,False,NORMAL_CHANGE,NONE,Authorized change within baseline parameters
DRF00486,Control-77,True,UNAPPROVED_CHANGE,MEDIUM,Policy violation: Unapproved Change
DRF00133,Control-98,False,NORMAL_CHANGE,NONE,Authorized change within baseline parameters
DRF00319,Control-47,True,UNAPPROVED_CHANGE,MEDIUM,Policy violation: Unapproved Change
DRF00148,Control-98,False,NORMAL_CHANGE,NONE,Authorized change within baseline parameters
DRF00081,Control-23,True,HIGH_SEVERITY_DRIFT,HIGH,High severity control drifted from baseline
DRF00424,Control-79,False,NORMAL_CHANGE,NONE,Authorized change within baseline parameters
DRF00399,Control-29,False,NORMAL_CHANGE,NONE,Authorized change within baseline parameters
DRF00039,Control-75,False,NORMAL_CHANGE,NONE,Authorized change within baseline parameters
DRF00071,Control-54,True,EMERGENCY_CHANGE_NOT_REVERTED,MEDIUM,Policy violation: Emergency Change Not Reverted
DRF00372,Control-51,False,NORMAL_CHANGE,NONE,Authorized change within baseline parameters
DRF00121,Control-46,True,COMPLIANCE_VIOLATION,HIGH,Security-critical config drift: Compliance Violation
DRF00127,Control-10,True,ACCESS_BROADENED,HIGH,Security-critical config drift: Access Broadened
DRF00487,Control-86,True,EMERGENCY_CHANGE_NOT_REVERTED,MEDIUM,Policy violation: Emergency Change Not Reverted
DRF00295,Control-78,False,NORMAL_CHANGE,NONE,Authorized change within baseline parameters
DRF00300,Control-34,False,NORMAL_CHANGE,NONE,Authorized change within baseline parameters
DRF00352,Control-51,True,UNAPPROVED_CHANGE,MEDIUM,Policy violation: Unapproved Change
DRF00162,Control-95,True,COMPLIANCE_VIOLATION,HIGH,Security-critical config drift: Compliance Violation
DRF00488,Control-33,False,NORMAL_CHANGE,NONE,Authorized change within baseline parameters
DRF00289,Control-4,False,NORMAL_CHANGE,NONE,Authorized change within baseline parameters
DRF00206,Control-45,False,NORMAL_CHANGE,NONE,Authorized change within baseline parameters
DRF00156,Control-80,False,NORMAL_CHANGE,NONE,Authorized change within baseline parameters
DRF00240,Control-4,False,NORMAL_CHANGE,NONE,Authorized change within baseline parameters
DRF00092,Control-89,False,NORMAL_CHANGE,NONE,Authorized change within baseline parameters
DRF00089,Control-73,True,LOGGING_DISABLED,CRITICAL,Security-critical config drift: Logging Disabled
DRF00035,Control-50,True,LOGGING_DISABLED,CRITICAL,Security-critical config drift: Logging Disabled
DRF00235,Control-50,False,NORMAL_CHANGE,NONE,Authorized change within baseline parameters
DRF00214,Control-13,False,NORMAL_CHANGE,NONE,Authorized change within baseline parameters
DRF00275,Control-75,True,UNAPPROVED_CHANGE,MEDIUM,Policy violation: Unapproved Change
DRF00308,Control-35,False,NORMAL_CHANGE,NONE,Authorized change within baseline parameters
DRF00447,Control-59,False,NORMAL_CHANGE,NONE,Authorized change within baseline parameters
DRF00378,Control-62,False,NORMAL_CHANGE,NONE,Authorized change within baseline parameters
DRF00394,Control-22,True,UNAPPROVED_CHANGE,MEDIUM,Policy violation: Unapproved Change
DRF00029,Control-40,True,LOGGING_DISABLED,CRITICAL,Security-critical config drift: Logging Disabled
DRF00169,Control-24,False,NORMAL_CHANGE,NONE,Authorized change within baseline parameters
DRF00181,Control-64,False,NORMAL_CHANGE,NONE,Authorized change within baseline parameters
DRF00405,Control-34,True,COMPLIANCE_VIOLATION,HIGH,Security-critical config drift: Compliance Violation
DRF00369,Control-73,True,UNAPPROVED_CHANGE,MEDIUM,Policy violation: Unapproved Change
DRF00079,Control-59,True,UNAPPROVED_CHANGE,MEDIUM,Policy violation: Unapproved Change
DRF00348,Control-18,False,NORMAL_CHANGE,NONE,Authorized change within baseline parameters
DRF00478,Control-69,True,UNAPPROVED_CHANGE,MEDIUM,Policy violation: Unapproved Change
DRF00173,Control-73,False,NORMAL_CHANGE,NONE,Authorized change within baseline parameters
DRF00270,Control-57,True,ACCESS_BROADENED,HIGH,Security-critical config drift: Access Broadened
DRF00225,Control-18,False,NORMAL_CHANGE,NONE,Authorized change within baseline parameters
DRF00077,Control-59,True,UNAPPROVED_CHANGE,MEDIUM,Policy violation: Unapproved Change
DRF00194,Control-64,True,COMPLIANCE_VIOLATION,HIGH,Security-critical config drift: Compliance Violation
DRF00479,Control-46,False,NORMAL_CHANGE,NONE,Authorized change within baseline parameters
DRF00329,Control-40,False,NORMAL_CHANGE,NONE,Authorized change within baseline parameters
DRF00136,Control-25,False,NORMAL_CHANGE,NONE,Authorized change within baseline parameters
DRF00230,Control-41,False,NORMAL_CHANGE,NONE,Authorized change within baseline parameters
DRF00287,Control-48,True,LOGGING_DISABLED,CRITICAL,Security-critical config drift: Logging Disabled
DRF00025,Control-1,False,NORMAL_CHANGE,NONE,Authorized change within baseline parameters
DRF00269,Control-29,True,COMPLIANCE_VIOLATION,HIGH,Security-critical config drift: Compliance Violation
DRF00367,Control-4,True,ENCRYPTION_DOWNGRADE,CRITICAL,Security-critical config drift: Encryption Downgrade
DRF00125,Control-15,False,NORMAL_CHANGE,NONE,Authorized change within baseline parameters
DRF00417,Control-54,False,NORMAL_CHANGE,NONE,Authorized change within baseline parameters
DRF00274,Control-38,True,COMPLIANCE_VIOLATION,HIGH,Security-critical config drift: Compliance Violation
DRF00137,Control-68,False,NORMAL_CHANGE,NONE,Authorized change within baseline parameters
DRF00205,Control-73,False,NORMAL_CHANGE,NONE,Authorized change within baseline parameters
DRF00426,Control-78,True,LOGGING_DISABLED,CRITICAL,Security-critical config drift: Logging Disabled
DRF00357,Control-24,False,NORMAL_CHANGE,NONE,Authorized change within baseline parameters
DRF00224,Control-33,True,ACCESS_BROADENED,HIGH,Security-critical config drift: Access Broadened
DRF00414,Control-88,False,NORMAL_CHANGE,NONE,Authorized change within baseline parameters
DRF00272,Control-79,True,EMERGENCY_CHANGE_NOT_REVERTED,MEDIUM,Policy violation: Emergency Change Not Reverted
DRF00362,Control-84,False,NORMAL_CHANGE,NONE,Authorized change within baseline parameters
DRF00384,Control-86,False,NORMAL_CHANGE,NONE,Authorized change within baseline parameters
DRF00163,Control-32,True,ENCRYPTION_DOWNGRADE,CRITICAL,Security-critical config drift: Encryption Downgrade
DRF00107,Control-94,False,NORMAL_CHANGE,NONE,Authorized change within baseline parameters
DRF00448,Control-59,True,EMERGENCY_CHANGE_NOT_REVERTED,MEDIUM,Policy violation: Emergency Change Not Reverted
DRF00096,Control-6,True,LOGGING_DISABLED,CRITICAL,Security-critical config drift: Logging Disabled
DRF00457,Control-70,False,NORMAL_CHANGE,NONE,Authorized change within baseline parameters
DRF00266,Control-36,True,LOGGING_DISABLED,CRITICAL,Security-critical config drift: Logging Disabled
DRF00047,Control-77,False,NORMAL_CHANGE,NONE,Authorized change within baseline parameters
DRF00250,Control-17,False,NORMAL_CHANGE,NONE,Authorized change within baseline parameters
DRF00241,Control-99,True,COMPLIANCE_VIOLATION,HIGH,Security-critical config drift: Compliance Violation
DRF00373,Control-87,False,NORMAL_CHANGE,NONE,Authorized change within baseline parameters
DRF00380,Control-69,True,LOGGING_DISABLED,CRITICAL,Security-critical config drift: Logging Disabled
DRF00243,Control-28,True,LOGGING_DISABLED,CRITICAL,Security-critical config drift: Logging Disabled
DRF00104,Control-73,False,NORMAL_CHANGE,NONE,Authorized change within baseline parameters
DRF00452,Control-16,True,ACCESS_BROADENED,HIGH,Security-critical config drift: Access Broadened
DRF00006,Control-41,False,NORMAL_CHANGE,NONE,Authorized change within baseline parameters
DRF00258,Control-49,True,ENCRYPTION_DOWNGRADE,CRITICAL,Security-critical config drift: Encryption Downgrade
DRF00456,Control-42,True,HIGH_SEVERITY_DRIFT,CRITICAL,Critical severity control drifted from baseline
DRF00200,Control-20,False,NORMAL_CHANGE,NONE,Authorized change within baseline parameters
DRF00465,Control-32,False,NORMAL_CHANGE,NONE,Authorized change within baseline parameters
DRF00259,Control-81,False,NORMAL_CHANGE,NONE,Authorized change within baseline parameters
DRF00432,Control-69,False,NORMAL_CHANGE,NONE,Authorized change within baseline parameters
DRF00083,Control-25,False,NORMAL_CHANGE,NONE,Authorized change within baseline parameters
DRF00315,Control-41,True,LOGGING_DISABLED,CRITICAL,Security-critical config drift: Logging Disabled
DRF00176,Control-47,False,NORMAL_CHANGE,NONE,Authorized change within baseline parameters
DRF00233,Control-49,True,LOGGING_DISABLED,CRITICAL,Security-critical config drift: Logging Disabled
DRF00074,Control-98,True,EMERGENCY_CHANGE_NOT_REVERTED,MEDIUM,Policy violation: Emergency Change Not Reverted
DRF00008,Control-23,False,NORMAL_CHANGE,NONE,Authorized change within baseline parameters
DRF00353,Control-29,True,UNAPPROVED_CHANGE,MEDIUM,Policy violation: Unapproved Change
DRF00172,Control-25,False,NORMAL_CHANGE,NONE,Authorized change within baseline parameters
DRF00267,Control-55,True,ACCESS_BROADENED,HIGH,Security-critical config drift: Access Broadened
DRF00007,Control-90,False,NORMAL_CHANGE,NONE,Authorized change within baseline parameters
DRF00011,Control-56,True,LOGGING_DISABLED,CRITICAL,Security-critical config drift: Logging Disabled
DRF00010,Control-9,True,ACCESS_BROADENED,HIGH,Security-critical config drift: Access Broadened
DRF00302,Control-84,True,LOGGING_DISABLED,CRITICAL,Security-critical config drift: Logging Disabled
DRF00072,Control-69,False,NORMAL_CHANGE,NONE,Authorized change within baseline parameters
DRF00101,Control-11,False,NORMAL_CHANGE,NONE,Authorized change within baseline parameters
DRF00495,Control-4,False,NORMAL_CHANGE,NONE,Authorized change within baseline parameters
DRF00326,Control-88,True,HIGH_SEVERITY_DRIFT,CRITICAL,Critical severity control drifted from baseline
DRF00056,Control-84,True,ENCRYPTION_DOWNGRADE,CRITICAL,Security-critical config drift: Encryption Downgrade
DRF00445,Control-84,False,NORMAL_CHANGE,NONE,Authorized change within baseline parameters
DRF00375,Control-72,False,NORMAL_CHANGE,NONE,Authorized change within baseline parameters
DRF00238,Control-39,True,ENCRYPTION_DOWNGRADE,CRITICAL,Security-critical config drift: Encryption Downgrade
DRF00434,Control-59,True,ACCESS_BROADENED,HIGH,Security-critical config drift: Access Broadened
